date,nav
20-09-2024,551.50000
19-09-2024,545.17000
18-09-2024,541.92000
17-09-2024,542.38000
16-09-2024,543.06000
13-09-2024,545.38000
12-09-2024,548.57000
11-09-2024,544.25000
10-09-2024,544.12000
09-09-2024,543.03000
06-09-2024,533.66000
05-09-2024,536.92000
04-09-2024,536.79000
03-09-2024,535.13000
02-09-2024,535.06000
30-08-2024,531.92000
29-08-2024,533.05000
28-08-2024,529.73000
27-08-2024,530.99000
26-08-2024,535.41000
23-08-2024,531.77000
22-08-2024,532.02000
21-08-2024,529.46000
20-08-2024,523.27000
19-08-2024,523.15000
16-08-2024,523.06000
14-08-2024,514.86000
13-08-2024,516.09000
12-08-2024,518.42000
09-08-2024,522.69000
08-08-2024,522.26000
07-08-2024,523.59000
06-08-2024,518.42000
05-08-2024,517.04000
02-08-2024,518.98000
01-08-2024,522.25000
31-07-2024,520.97000
30-07-2024,519.35000
29-07-2024,523.42000
26-07-2024,525.19000
25-07-2024,522.32000
24-07-2024,522.80000
23-07-2024,525.56000
22-07-2024,513.80000
19-07-2024,515.45000
18-07-2024,517.80000
16-07-2024,512.95000
15-07-2024,508.03000
12-07-2024,505.35000
11-07-2024,503.95000
10-07-2024,502.19000
09-07-2024,500.98000
08-07-2024,497.92000
05-07-2024,490.13000
04-07-2024,485.57000
03-07-2024,485.84000
02-07-2024,482.85000
01-07-2024,486.19000
28-06-2024,481.94000
27-06-2024,482.26000
26-06-2024,481.71000
25-06-2024,480.29000
24-06-2024,481.88000
21-06-2024,478.48000
20-06-2024,482.71000
19-06-2024,482.70000
18-06-2024,487.41000
14-06-2024,486.91000
13-06-2024,486.29000
12-06-2024,489.47000
11-06-2024,492.22000
10-06-2024,493.96000
07-06-2024,492.85000
06-06-2024,487.76000
05-06-2024,489.56000
04-06-2024,470.04000
03-06-2024,463.40000
31-05-2024,459.65000
30-05-2024,460.87000
29-05-2024,465.95000
28-05-2024,466.76000
27-05-2024,467.53000
24-05-2024,468.12000
23-05-2024,471.21000
22-05-2024,470.06000
21-05-2024,463.59000
17-05-2024,464.83000
16-05-2024,464.09000
15-05-2024,461.23000
14-05-2024,464.19000
13-05-2024,466.32000
10-05-2024,466.75000
09-05-2024,462.80000
08-05-2024,471.32000
07-05-2024,469.29000
06-05-2024,457.50000
03-05-2024,455.89000
02-05-2024,457.04000
30-04-2024,454.98000
29-04-2024,453.77000
26-04-2024,454.24000
25-04-2024,454.76000
24-04-2024,452.38000
23-04-2024,450.70000
22-04-2024,447.72000
19-04-2024,444.86000
18-04-2024,442.94000
16-04-2024,445.93000
15-04-2024,445.19000
12-04-2024,449.14000
10-04-2024,453.96000
09-04-2024,450.10000
08-04-2024,451.85000
05-04-2024,450.51000
04-04-2024,447.88000
03-04-2024,449.77000
02-04-2024,452.33000
01-04-2024,452.73000
31-03-2024,452.09000
28-03-2024,452.16000
27-03-2024,448.99000
26-03-2024,448.61000
22-03-2024,449.67000
21-03-2024,446.15000
20-03-2024,443.06000
19-03-2024,440.95000
18-03-2024,447.85000
15-03-2024,447.42000
14-03-2024,447.79000
13-03-2024,445.10000
12-03-2024,445.48000
11-03-2024,449.13000
07-03-2024,450.01000
06-03-2024,446.71000
05-03-2024,446.38000
04-03-2024,449.46000
01-03-2024,450.28000
29-02-2024,449.04000
28-02-2024,447.72000
27-02-2024,449.61000
26-02-2024,448.66000
23-02-2024,450.27000
22-02-2024,451.58000
21-02-2024,447.85000
20-02-2024,447.68000
19-02-2024,448.10000
16-02-2024,445.26000
15-02-2024,444.35000
14-02-2024,447.56000
13-02-2024,444.20000
12-02-2024,444.19000
09-02-2024,449.11000
08-02-2024,447.65000
07-02-2024,453.37000
06-02-2024,452.14000
05-02-2024,452.93000
02-02-2024,456.79000
01-02-2024,459.03000
31-01-2024,456.96000
30-01-2024,454.16000
29-01-2024,457.21000
25-01-2024,457.90000
24-01-2024,461.86000
23-01-2024,455.62000
19-01-2024,468.57000
18-01-2024,463.95000
17-01-2024,466.01000
16-01-2024,469.71000
15-01-2024,469.60000
12-01-2024,468.84000
11-01-2024,468.03000
10-01-2024,469.00000
09-01-2024,469.92000
08-01-2024,472.11000
05-01-2024,477.28000
04-01-2024,477.05000
03-01-2024,475.08000
02-01-2024,474.38000
01-01-2024,474.79000
29-12-2023,472.96000
28-12-2023,470.18000
27-12-2023,464.54000
26-12-2023,462.02000
22-12-2023,460.05000
21-12-2023,457.18000
19-12-2023,460.69000
18-12-2023,456.08000
15-12-2023,457.70000
14-12-2023,458.53000
13-12-2023,457.58000
12-12-2023,455.15000
11-12-2023,455.73000
08-12-2023,453.95000
07-12-2023,457.87000
06-12-2023,461.03000
05-12-2023,457.38000
04-12-2023,459.55000
01-12-2023,456.21000
30-11-2023,450.01000
29-11-2023,448.99000
28-11-2023,448.49000
24-11-2023,449.81000
23-11-2023,450.52000
22-11-2023,449.15000
21-11-2023,447.44000
20-11-2023,447.37000
17-11-2023,448.62000
16-11-2023,445.66000
15-11-2023,446.65000
13-11-2023,443.07000
10-11-2023,443.44000
09-11-2023,441.93000
08-11-2023,445.64000
07-11-2023,443.63000
06-11-2023,443.83000
03-11-2023,442.55000
02-11-2023,440.88000
01-11-2023,436.38000
31-10-2023,438.29000
30-10-2023,437.70000
27-10-2023,439.23000
26-10-2023,437.05000
25-10-2023,439.13000
23-10-2023,440.22000
20-10-2023,443.52000
19-10-2023,448.97000
18-10-2023,448.87000
17-10-2023,450.33000
16-10-2023,448.27000
13-10-2023,448.89000
12-10-2023,448.05000
11-10-2023,448.28000
10-10-2023,444.81000
09-10-2023,442.67000
06-10-2023,443.98000
05-10-2023,442.95000
04-10-2023,442.86000
03-10-2023,440.95000
29-09-2023,442.95000
27-09-2023,447.08000
26-09-2023,443.41000
25-09-2023,442.43000
22-09-2023,443.64000
21-09-2023,444.61000
20-09-2023,447.31000
18-09-2023,448.71000
15-09-2023,446.84000
14-09-2023,448.17000
13-09-2023,447.68000
12-09-2023,446.37000
11-09-2023,448.63000
08-09-2023,445.10000
07-09-2023,444.98000
06-09-2023,445.52000
05-09-2023,441.52000
04-09-2023,439.96000
01-09-2023,441.02000
31-08-2023,440.41000
30-08-2023,443.17000
29-08-2023,440.70000
28-08-2023,442.29000
25-08-2023,442.00000
24-08-2023,445.65000
23-08-2023,444.74000
22-08-2023,444.94000
21-08-2023,442.51000
18-08-2023,440.40000
17-08-2023,439.12000
16-08-2023,443.02000
14-08-2023,440.78000
11-08-2023,439.75000
10-08-2023,442.83000
09-08-2023,446.22000
08-08-2023,444.14000
07-08-2023,445.09000
04-08-2023,445.07000
03-08-2023,444.67000
02-08-2023,447.46000
01-08-2023,448.39000
31-07-2023,449.35000
28-07-2023,451.10000
27-07-2023,448.52000
26-07-2023,449.70000
25-07-2023,444.06000
24-07-2023,445.10000
21-07-2023,452.75000
20-07-2023,456.79000
19-07-2023,451.30000
18-07-2023,449.82000
17-07-2023,450.67000
14-07-2023,450.07000
13-07-2023,446.33000
12-07-2023,447.81000
11-07-2023,447.08000
10-07-2023,442.45000
07-07-2023,445.63000
06-07-2023,450.78000
05-07-2023,450.18000
04-07-2023,444.24000
03-07-2023,443.36000
30-06-2023,438.57000
28-06-2023,437.23000
27-06-2023,434.15000
26-06-2023,433.82000
23-06-2023,431.39000
22-06-2023,431.77000
21-06-2023,433.56000
20-06-2023,435.60000
19-06-2023,435.28000
16-06-2023,435.91000
15-06-2023,432.22000
14-06-2023,430.82000
13-06-2023,429.39000
12-06-2023,425.48000
09-06-2023,424.49000
08-06-2023,427.03000
07-06-2023,429.34000
06-06-2023,426.78000
05-06-2023,427.27000
02-06-2023,428.02000
01-06-2023,425.63000
31-05-2023,425.18000
30-05-2023,425.11000
29-05-2023,422.44000
26-05-2023,420.85000
25-05-2023,416.96000
24-05-2023,415.07000
23-05-2023,414.42000
22-05-2023,413.61000
19-05-2023,412.21000
18-05-2023,411.97000
17-05-2023,415.83000
16-05-2023,415.72000
15-05-2023,416.62000
12-05-2023,413.04000
11-05-2023,412.29000
10-05-2023,410.30000
09-05-2023,408.52000
08-05-2023,410.26000
05-05-2023,408.16000
04-05-2023,408.24000
03-05-2023,407.75000
02-05-2023,405.51000
28-04-2023,405.52000
27-04-2023,402.00000
26-04-2023,401.81000
25-04-2023,399.76000
24-04-2023,398.66000
21-04-2023,398.27000
20-04-2023,396.04000
19-04-2023,396.10000
18-04-2023,396.25000
17-04-2023,396.58000
13-04-2023,394.22000
12-04-2023,392.85000
11-04-2023,394.27000
10-04-2023,391.23000
06-04-2023,392.69000
05-04-2023,394.51000
03-04-2023,390.55000
31-03-2023,391.59000
29-03-2023,388.58000
28-03-2023,385.56000
27-03-2023,386.30000
24-03-2023,385.54000
23-03-2023,387.02000
22-03-2023,386.63000
21-03-2023,384.88000
20-03-2023,385.92000
17-03-2023,383.45000
16-03-2023,384.86000
15-03-2023,382.21000
14-03-2023,383.77000
13-03-2023,385.32000
10-03-2023,388.83000
09-03-2023,388.57000
08-03-2023,390.94000
06-03-2023,390.44000
03-03-2023,389.12000
02-03-2023,384.84000
01-03-2023,386.78000
28-02-2023,386.35000
27-02-2023,387.99000
24-02-2023,390.78000
23-02-2023,392.21000
22-02-2023,391.22000
21-02-2023,392.75000
20-02-2023,392.48000
17-02-2023,393.33000
16-02-2023,394.19000
15-02-2023,394.51000
14-02-2023,393.67000
13-02-2023,389.96000
10-02-2023,389.66000
09-02-2023,390.79000
08-02-2023,391.39000
07-02-2023,391.19000
06-02-2023,396.03000
03-02-2023,394.58000
02-02-2023,394.43000
01-02-2023,387.54000
31-01-2023,383.83000
30-01-2023,380.96000
27-01-2023,382.56000
25-01-2023,381.56000
24-01-2023,381.20000
23-01-2023,380.50000
20-01-2023,378.03000
19-01-2023,381.12000
18-01-2023,384.61000
17-01-2023,383.79000
16-01-2023,380.32000
13-01-2023,381.11000
12-01-2023,381.36000
11-01-2023,382.00000
10-01-2023,384.49000
09-01-2023,385.68000
06-01-2023,383.14000
05-01-2023,384.20000
04-01-2023,379.87000
03-01-2023,382.35000
02-01-2023,383.97000
30-12-2022,383.68000
29-12-2022,385.01000
28-12-2022,385.86000
27-12-2022,385.42000
26-12-2022,385.62000
23-12-2022,381.52000
22-12-2022,386.68000
21-12-2022,388.66000
20-12-2022,392.31000
19-12-2022,394.47000
16-12-2022,391.09000
15-12-2022,392.84000
14-12-2022,395.64000
13-12-2022,397.00000
12-12-2022,397.17000
09-12-2022,395.76000
08-12-2022,394.07000
07-12-2022,394.89000
06-12-2022,392.49000
05-12-2022,391.15000
02-12-2022,390.60000
01-12-2022,391.49000
30-11-2022,391.79000
29-11-2022,389.44000
28-11-2022,383.02000
25-11-2022,382.20000
24-11-2022,381.95000
23-11-2022,379.46000
22-11-2022,379.14000
21-11-2022,377.60000
18-11-2022,377.69000
17-11-2022,379.23000
16-11-2022,380.32000
15-11-2022,380.03000
14-11-2022,380.65000
11-11-2022,383.50000
10-11-2022,383.70000
09-11-2022,386.27000
07-11-2022,385.85000
04-11-2022,383.17000
03-11-2022,383.89000
02-11-2022,384.33000
01-11-2022,384.47000
31-10-2022,383.16000
28-10-2022,379.60000
27-10-2022,379.08000
25-10-2022,377.19000
21-10-2022,380.75000
20-10-2022,381.16000
19-10-2022,379.25000
18-10-2022,377.32000
17-10-2022,373.69000
14-10-2022,374.28000
13-10-2022,372.77000
12-10-2022,374.08000
11-10-2022,370.08000
10-10-2022,374.12000
07-10-2022,376.45000
06-10-2022,378.29000
04-10-2022,376.86000
03-10-2022,371.99000
30-09-2022,377.45000
29-09-2022,376.89000
28-09-2022,372.67000
27-09-2022,374.01000
26-09-2022,373.07000
23-09-2022,380.19000
22-09-2022,381.77000
21-09-2022,378.58000
20-09-2022,376.52000
19-09-2022,374.84000
16-09-2022,372.05000
15-09-2022,377.09000
14-09-2022,378.16000
13-09-2022,380.30000
12-09-2022,378.58000
09-09-2022,376.93000
08-09-2022,377.13000
07-09-2022,374.78000
06-09-2022,374.46000
05-09-2022,375.38000
02-09-2022,375.16000
01-09-2022,373.34000
30-08-2022,376.38000
29-08-2022,371.62000
26-08-2022,372.81000
25-08-2022,373.37000
24-08-2022,373.54000
23-08-2022,373.29000
22-08-2022,373.89000
19-08-2022,373.90000
18-08-2022,377.44000
17-08-2022,375.63000
16-08-2022,373.83000
12-08-2022,370.86000
11-08-2022,371.58000
10-08-2022,372.19000
08-08-2022,372.15000
05-08-2022,371.22000
04-08-2022,370.42000
03-08-2022,368.84000
02-08-2022,370.40000
01-08-2022,370.09000
29-07-2022,369.28000
28-07-2022,367.34000
27-07-2022,365.27000
26-07-2022,364.69000
25-07-2022,366.80000
22-07-2022,367.86000
21-07-2022,365.82000
20-07-2022,364.53000
19-07-2022,362.07000
18-07-2022,361.13000
15-07-2022,361.32000
14-07-2022,357.81000
13-07-2022,357.27000
12-07-2022,355.50000
11-07-2022,357.82000
08-07-2022,357.16000
07-07-2022,356.60000
06-07-2022,356.19000
05-07-2022,349.64000
04-07-2022,349.43000
01-07-2022,342.16000
30-06-2022,335.39000
29-06-2022,335.47000
28-06-2022,338.25000
27-06-2022,337.91000
24-06-2022,334.18000
23-06-2022,330.96000
22-06-2022,329.16000
21-06-2022,330.37000
20-06-2022,326.49000
17-06-2022,323.50000
16-06-2022,325.47000
15-06-2022,327.70000
14-06-2022,328.58000
13-06-2022,330.14000
10-06-2022,333.34000
09-06-2022,334.50000
08-06-2022,334.44000
07-06-2022,336.85000
06-06-2022,339.45000
03-06-2022,340.71000
02-06-2022,341.76000
01-06-2022,341.90000
31-05-2022,342.01000
30-05-2022,341.57000
27-05-2022,338.40000
26-05-2022,335.31000
25-05-2022,334.12000
24-05-2022,334.11000
23-05-2022,337.32000
20-05-2022,336.94000
19-05-2022,333.76000
18-05-2022,336.59000
17-05-2022,334.55000
16-05-2022,328.22000
13-05-2022,328.32000
12-05-2022,324.31000
11-05-2022,327.31000
10-05-2022,329.49000
09-05-2022,329.22000
06-05-2022,331.84000
05-05-2022,332.78000
04-05-2022,333.01000
02-05-2022,338.32000
29-04-2022,338.76000
28-04-2022,339.40000
27-04-2022,335.25000
26-04-2022,336.73000
25-04-2022,332.64000
22-04-2022,337.72000
21-04-2022,339.19000
20-04-2022,336.24000
19-04-2022,333.61000
18-04-2022,340.37000
13-04-2022,340.76000
12-04-2022,339.13000
11-04-2022,341.43000
08-04-2022,341.68000
07-04-2022,336.38000
06-04-2022,336.59000
05-04-2022,336.76000
04-04-2022,334.09000
01-04-2022,330.96000
31-03-2022,328.51000
30-03-2022,325.19000
29-03-2022,323.30000
28-03-2022,323.24000
25-03-2022,321.31000
24-03-2022,322.03000
23-03-2022,321.46000
22-03-2022,321.98000
21-03-2022,321.52000
17-03-2022,323.99000
16-03-2022,322.04000
15-03-2022,316.93000
14-03-2022,316.62000
11-03-2022,316.77000
10-03-2022,316.34000
09-03-2022,310.65000
08-03-2022,307.52000
07-03-2022,306.27000
04-03-2022,313.44000
03-03-2022,315.07000
02-03-2022,315.64000
28-02-2022,318.37000
25-02-2022,315.15000
24-02-2022,310.81000
23-02-2022,318.90000
22-02-2022,318.65000
21-02-2022,320.87000
18-02-2022,322.83000
17-02-2022,323.31000
16-02-2022,322.87000
15-02-2022,324.00000
14-02-2022,318.60000
11-02-2022,325.36000
10-02-2022,328.25000
09-02-2022,327.98000
08-02-2022,326.52000
07-02-2022,325.81000
04-02-2022,330.88000
03-02-2022,331.34000
02-02-2022,331.98000
01-02-2022,329.28000
31-01-2022,325.14000
28-01-2022,322.10000
27-01-2022,319.77000
25-01-2022,323.29000
24-01-2022,319.55000
21-01-2022,325.90000
20-01-2022,326.84000
19-01-2022,327.75000
18-01-2022,331.46000
17-01-2022,334.52000
14-01-2022,332.48000
13-01-2022,333.36000
12-01-2022,332.41000
11-01-2022,329.93000
10-01-2022,330.28000
07-01-2022,327.56000
06-01-2022,327.44000
05-01-2022,327.95000
04-01-2022,327.24000
03-01-2022,325.07000
31-12-2021,324.27000
30-12-2021,321.23000
29-12-2021,321.53000
28-12-2021,322.64000
27-12-2021,320.79000
24-12-2021,320.63000
23-12-2021,322.18000
22-12-2021,319.67000
21-12-2021,317.44000
20-12-2021,315.99000
17-12-2021,321.09000
16-12-2021,325.52000
15-12-2021,326.08000
14-12-2021,328.23000
13-12-2021,328.90000
10-12-2021,330.27000
09-12-2021,329.25000
08-12-2021,325.44000
07-12-2021,321.75000
06-12-2021,318.32000
03-12-2021,321.97000
02-12-2021,323.90000
01-12-2021,321.82000
30-11-2021,322.61000
29-11-2021,321.36000
26-11-2021,323.53000
25-11-2021,330.24000
24-11-2021,328.87000
23-11-2021,330.30000
22-11-2021,327.96000
18-11-2021,333.15000
17-11-2021,335.08000
16-11-2021,336.39000
15-11-2021,337.99000
12-11-2021,336.82000
11-11-2021,333.78000
10-11-2021,335.58000
09-11-2021,332.12000
08-11-2021,332.01000
03-11-2021,326.38000
02-11-2021,328.16000
01-11-2021,327.60000
29-10-2021,324.52000
28-10-2021,322.83000
27-10-2021,328.41000
26-10-2021,327.83000
25-10-2021,324.73000
22-10-2021,327.10000
21-10-2021,330.59000
20-10-2021,333.60000
19-10-2021,336.61000
18-10-2021,347.32000
14-10-2021,345.57000
13-10-2021,343.32000
12-10-2021,340.92000
11-10-2021,336.88000
08-10-2021,334.41000
07-10-2021,335.29000
06-10-2021,330.94000
05-10-2021,334.32000
04-10-2021,333.07000
01-10-2021,332.52000
30-09-2021,332.94000
29-09-2021,331.24000
28-09-2021,331.53000
27-09-2021,332.15000
24-09-2021,333.48000
23-09-2021,336.08000
22-09-2021,333.68000
21-09-2021,331.32000
20-09-2021,327.51000
17-09-2021,327.13000
16-09-2021,328.65000
15-09-2021,324.74000
14-09-2021,323.78000
13-09-2021,323.59000
09-09-2021,322.68000
08-09-2021,320.77000
07-09-2021,320.93000
06-09-2021,319.11000
03-09-2021,319.60000
02-09-2021,319.70000
01-09-2021,315.49000
31-08-2021,314.49000
30-08-2021,311.39000
27-08-2021,307.87000
26-08-2021,305.85000
25-08-2021,305.14000
24-08-2021,305.02000
23-08-2021,305.51000
20-08-2021,306.96000
18-08-2021,304.56000
17-08-2021,301.79000
16-08-2021,299.95000
13-08-2021,300.11000
12-08-2021,298.24000
11-08-2021,297.04000
10-08-2021,297.82000
09-08-2021,300.00000
06-08-2021,299.96000
05-08-2021,300.25000
04-08-2021,298.42000
03-08-2021,301.27000
02-08-2021,297.55000
30-07-2021,295.15000
29-07-2021,295.30000
28-07-2021,297.21000
27-07-2021,297.19000
26-07-2021,297.58000
23-07-2021,298.80000
22-07-2021,296.73000
20-07-2021,294.53000
19-07-2021,296.07000
16-07-2021,297.36000
15-07-2021,295.46000
14-07-2021,295.62000
13-07-2021,295.89000
12-07-2021,294.86000
09-07-2021,295.40000
08-07-2021,295.72000
07-07-2021,297.66000
06-07-2021,296.64000
05-07-2021,298.14000
02-07-2021,296.43000
01-07-2021,295.16000
30-06-2021,294.75000
29-06-2021,295.25000
28-06-2021,295.62000
25-06-2021,295.15000
24-06-2021,295.64000
23-06-2021,295.24000
22-06-2021,296.21000
21-06-2021,295.37000
18-06-2021,294.52000
17-06-2021,293.95000
16-06-2021,294.16000
15-06-2021,293.51000
14-06-2021,292.20000
11-06-2021,291.99000
10-06-2021,293.45000
09-06-2021,290.57000
08-06-2021,291.50000
07-06-2021,289.29000
04-06-2021,287.51000
03-06-2021,286.64000
02-06-2021,284.87000
01-06-2021,286.31000
31-05-2021,287.01000
28-05-2021,284.86000
27-05-2021,284.23000
26-05-2021,283.60000
25-05-2021,283.15000
24-05-2021,280.69000
21-05-2021,280.60000
20-05-2021,278.79000
19-05-2021,280.10000
18-05-2021,280.22000
17-05-2021,279.61000
14-05-2021,278.78000
12-05-2021,273.83000
11-05-2021,275.54000
10-05-2021,276.06000
07-05-2021,275.98000
06-05-2021,274.12000
05-05-2021,273.40000
04-05-2021,272.17000
03-05-2021,273.24000
30-04-2021,271.72000
29-04-2021,274.02000
28-04-2021,275.64000
27-04-2021,273.87000
26-04-2021,272.66000
23-04-2021,272.05000
22-04-2021,272.61000
20-04-2021,273.27000
19-04-2021,273.56000
16-04-2021,276.25000
15-04-2021,274.27000
13-04-2021,274.96000
12-04-2021,272.27000
09-04-2021,280.03000
08-04-2021,279.11000
07-04-2021,278.07000
06-04-2021,275.94000
05-04-2021,274.30000
01-04-2021,279.86000
31-03-2021,278.94000
30-03-2021,277.20000
26-03-2021,273.79000
25-03-2021,269.49000
24-03-2021,275.07000
23-03-2021,279.49000
22-03-2021,280.27000
19-03-2021,277.33000
18-03-2021,272.97000
17-03-2021,271.82000
16-03-2021,273.68000
15-03-2021,271.60000
12-03-2021,272.57000
10-03-2021,274.93000
09-03-2021,273.92000
08-03-2021,274.08000
05-03-2021,274.18000
04-03-2021,275.16000
03-03-2021,274.46000
02-03-2021,272.56000
01-03-2021,267.59000
26-02-2021,265.05000
25-02-2021,270.11000
24-02-2021,269.75000
23-02-2021,268.03000
22-02-2021,266.46000
19-02-2021,270.37000
18-02-2021,272.19000
17-02-2021,272.67000
16-02-2021,274.11000
15-02-2021,275.04000
12-02-2021,274.58000
11-02-2021,279.34000
10-02-2021,278.12000
09-02-2021,278.51000
08-02-2021,280.23000
05-02-2021,280.75000
04-02-2021,279.66000
03-02-2021,273.42000
02-02-2021,272.83000
01-02-2021,271.35000
29-01-2021,265.49000
28-01-2021,269.34000
27-01-2021,274.62000
25-01-2021,273.75000
22-01-2021,276.11000
21-01-2021,276.77000
20-01-2021,278.20000
19-01-2021,279.16000
18-01-2021,277.71000
15-01-2021,279.46000
14-01-2021,280.24000
13-01-2021,279.15000
12-01-2021,277.48000
11-01-2021,276.56000
08-01-2021,274.74000
07-01-2021,273.55000
06-01-2021,274.35000
05-01-2021,276.93000
04-01-2021,276.29000
01-01-2021,273.89000
31-12-2020,271.35000
30-12-2020,271.64000
29-12-2020,271.23000
28-12-2020,271.17000
24-12-2020,269.89000
23-12-2020,268.29000
22-12-2020,263.39000
21-12-2020,262.53000
18-12-2020,271.14000
17-12-2020,270.32000
16-12-2020,271.49000
15-12-2020,269.10000
14-12-2020,271.29000
11-12-2020,271.15000
10-12-2020,269.09000
09-12-2020,264.02000
08-12-2020,261.41000
07-12-2020,261.12000
04-12-2020,257.33000
03-12-2020,254.43000
02-12-2020,253.64000
01-12-2020,253.00000
27-11-2020,251.42000
26-11-2020,251.60000
25-11-2020,249.47000
24-11-2020,252.43000
23-11-2020,250.26000
20-11-2020,250.32000
19-11-2020,247.54000
18-11-2020,246.43000
17-11-2020,248.91000
13-11-2020,247.17000
12-11-2020,247.30000
11-11-2020,245.41000
10-11-2020,243.28000
09-11-2020,240.87000
06-11-2020,238.95000
05-11-2020,238.79000
04-11-2020,233.65000
03-11-2020,233.15000
02-11-2020,231.93000
30-10-2020,231.65000
29-10-2020,232.78000
28-10-2020,234.67000
27-10-2020,235.79000
26-10-2020,234.24000
23-10-2020,235.18000
22-10-2020,233.58000
21-10-2020,232.83000
20-10-2020,234.06000
19-10-2020,234.38000
16-10-2020,231.43000
15-10-2020,230.58000
14-10-2020,233.32000
13-10-2020,233.37000
12-10-2020,234.43000
09-10-2020,233.76000
08-10-2020,234.05000
07-10-2020,235.02000
06-10-2020,234.51000
05-10-2020,234.52000
01-10-2020,234.95000
30-09-2020,233.73000
29-09-2020,231.39000
28-09-2020,233.64000
25-09-2020,230.35000
24-09-2020,225.46000
23-09-2020,229.01000
22-09-2020,229.17000
21-09-2020,231.20000
18-09-2020,238.48000
17-09-2020,239.57000
16-09-2020,240.90000
15-09-2020,240.37000
14-09-2020,241.08000
11-09-2020,240.68000
10-09-2020,239.91000
09-09-2020,239.08000
08-09-2020,241.16000
07-09-2020,243.06000
04-09-2020,242.65000
03-09-2020,246.91000
02-09-2020,244.96000
01-09-2020,242.74000
31-08-2020,240.88000
28-08-2020,247.10000
27-08-2020,247.24000
26-08-2020,248.01000
25-08-2020,247.78000
24-08-2020,248.69000
21-08-2020,248.45000
20-08-2020,247.10000
19-08-2020,248.11000
18-08-2020,247.60000
17-08-2020,245.41000
14-08-2020,243.54000
13-08-2020,246.82000
12-08-2020,245.80000
11-08-2020,246.06000
10-08-2020,245.29000
07-08-2020,244.12000
06-08-2020,243.18000
05-08-2020,240.37000
04-08-2020,240.25000
03-08-2020,239.12000
31-07-2020,239.76000
30-07-2020,238.68000
29-07-2020,240.42000
28-07-2020,239.57000
27-07-2020,239.12000
24-07-2020,241.44000
23-07-2020,242.35000
22-07-2020,241.27000
21-07-2020,241.21000
20-07-2020,242.69000
17-07-2020,242.41000
16-07-2020,240.73000
15-07-2020,240.40000
14-07-2020,239.65000
13-07-2020,241.66000
10-07-2020,239.81000
09-07-2020,239.79000
08-07-2020,240.48000
07-07-2020,239.10000
06-07-2020,240.12000
03-07-2020,238.89000
02-07-2020,237.48000
01-07-2020,235.99000
30-06-2020,234.44000
29-06-2020,234.21000
26-06-2020,233.69000
25-06-2020,236.21000
24-06-2020,232.43000
23-06-2020,231.77000
22-06-2020,228.39000
19-06-2020,227.00000
18-06-2020,226.24000
17-06-2020,224.37000
16-06-2020,225.00000
15-06-2020,225.53000
12-06-2020,228.87000
11-06-2020,228.71000
10-06-2020,231.48000
09-06-2020,232.13000
08-06-2020,232.77000
05-06-2020,233.11000
04-06-2020,232.03000
03-06-2020,231.19000
02-06-2020,229.73000
01-06-2020,230.50000
29-05-2020,226.89000
28-05-2020,221.06000
27-05-2020,219.02000
26-05-2020,218.45000
22-05-2020,216.11000
21-05-2020,217.42000
20-05-2020,211.86000
19-05-2020,208.53000
18-05-2020,205.97000
15-05-2020,208.78000
14-05-2020,209.31000
13-05-2020,208.49000
12-05-2020,208.36000
11-05-2020,206.62000
08-05-2020,206.89000
07-05-2020,205.29000
06-05-2020,207.23000
05-05-2020,210.11000
04-05-2020,212.71000
30-04-2020,220.16000
29-04-2020,219.17000
28-04-2020,218.94000
27-04-2020,219.96000
24-04-2020,218.21000
23-04-2020,219.68000
22-04-2020,221.56000
21-04-2020,217.41000
20-04-2020,220.09000
17-04-2020,223.28000
16-04-2020,222.95000
15-04-2020,223.28000
13-04-2020,217.37000
09-04-2020,220.58000
08-04-2020,217.01000
07-04-2020,216.34000
03-04-2020,203.59000
01-04-2020,203.08000
31-03-2020,209.75000
30-03-2020,200.35000
27-03-2020,201.58000
26-03-2020,200.86000
25-03-2020,191.79000
24-03-2020,187.57000
23-03-2020,183.06000
20-03-2020,205.19000
19-03-2020,193.20000
18-03-2020,194.83000
17-03-2020,201.89000
16-03-2020,201.68000
13-03-2020,213.00000
12-03-2020,212.21000
11-03-2020,227.84000
09-03-2020,228.15000
06-03-2020,235.90000
05-03-2020,240.08000
04-03-2020,237.94000
03-03-2020,240.43000
02-03-2020,238.24000
28-02-2020,241.00000
27-02-2020,245.54000
26-02-2020,246.17000
25-02-2020,248.40000
24-02-2020,249.37000
20-02-2020,252.97000
19-02-2020,253.77000
18-02-2020,250.55000
17-02-2020,251.33000
14-02-2020,252.85000
13-02-2020,254.48000
12-02-2020,254.26000
11-02-2020,251.31000
10-02-2020,251.02000
07-02-2020,252.23000
06-02-2020,250.99000
05-02-2020,251.98000
04-02-2020,250.14000
03-02-2020,245.98000
31-01-2020,252.91000
30-01-2020,253.77000
29-01-2020,256.15000
28-01-2020,253.22000
27-01-2020,253.88000
24-01-2020,255.99000
23-01-2020,254.53000
22-01-2020,254.23000
21-01-2020,254.92000
20-01-2020,257.11000
17-01-2020,256.26000
16-01-2020,256.22000
15-01-2020,255.55000
14-01-2020,254.63000
13-01-2020,250.81000
10-01-2020,248.55000
09-01-2020,246.65000
08-01-2020,244.12000
07-01-2020,244.49000
06-01-2020,243.91000
03-01-2020,246.71000
02-01-2020,248.11000
01-01-2020,247.82000
31-12-2019,247.26000
30-12-2019,247.75000
27-12-2019,246.86000
26-12-2019,245.99000
24-12-2019,246.89000
23-12-2019,246.97000
20-12-2019,247.73000
19-12-2019,247.42000
18-12-2019,247.19000
17-12-2019,246.11000
16-12-2019,244.30000
13-12-2019,246.87000
12-12-2019,245.59000
11-12-2019,244.75000
10-12-2019,244.77000
09-12-2019,247.09000
06-12-2019,248.19000
05-12-2019,250.29000
04-12-2019,248.78000
03-12-2019,248.48000
02-12-2019,250.13000
29-11-2019,251.13000
28-11-2019,252.25000
27-11-2019,251.55000
26-11-2019,250.84000
25-11-2019,251.27000
22-11-2019,249.65000
21-11-2019,249.54000
20-11-2019,251.56000
19-11-2019,250.54000
18-11-2019,251.51000
15-11-2019,252.43000
14-11-2019,253.45000
13-11-2019,253.66000
11-11-2019,255.55000
08-11-2019,256.66000
07-11-2019,260.59000
06-11-2019,258.92000
05-11-2019,259.32000
04-11-2019,258.98000
01-11-2019,259.40000
31-10-2019,259.02000
30-10-2019,258.07000
29-10-2019,255.52000
25-10-2019,254.31000
24-10-2019,255.21000
23-10-2019,255.74000
22-10-2019,254.61000
18-10-2019,253.56000
17-10-2019,251.65000
16-10-2019,248.65000
15-10-2019,248.84000
14-10-2019,246.93000
11-10-2019,245.99000
10-10-2019,244.41000
09-10-2019,245.83000
07-10-2019,244.89000
04-10-2019,245.35000
03-10-2019,249.20000
01-10-2019,248.44000
30-09-2019,251.06000
27-09-2019,250.15000
26-09-2019,249.96000
25-09-2019,248.27000
24-09-2019,251.87000
23-09-2019,251.27000
20-09-2019,241.26000
19-09-2019,233.06000
18-09-2019,234.57000
17-09-2019,233.57000
16-09-2019,234.69000
13-09-2019,233.69000
12-09-2019,233.67000
11-09-2019,235.15000
09-09-2019,235.95000
06-09-2019,234.52000
05-09-2019,233.92000
04-09-2019,233.54000
03-09-2019,233.87000
30-08-2019,237.19000
29-08-2019,234.38000
28-08-2019,235.23000
27-08-2019,235.30000
26-08-2019,232.59000
23-08-2019,229.29000
22-08-2019,230.30000
21-08-2019,230.88000
20-08-2019,232.35000
19-08-2019,233.89000
16-08-2019,233.66000
14-08-2019,232.35000
13-08-2019,231.40000
09-08-2019,234.75000
08-08-2019,234.14000
07-08-2019,231.85000
06-08-2019,232.94000
05-08-2019,232.31000
02-08-2019,233.16000
01-08-2019,232.32000
31-07-2019,232.62000
30-07-2019,231.35000
29-07-2019,232.57000
26-07-2019,233.45000
25-07-2019,231.92000
24-07-2019,232.37000
23-07-2019,233.34000
22-07-2019,231.42000
19-07-2019,233.23000
18-07-2019,236.54000
17-07-2019,236.98000
16-07-2019,235.68000
15-07-2019,234.57000
12-07-2019,236.47000
11-07-2019,235.96000
10-07-2019,234.90000
09-07-2019,235.72000
08-07-2019,238.07000
05-07-2019,240.91000
04-07-2019,241.23000
03-07-2019,240.84000
02-07-2019,240.17000
01-07-2019,239.64000
28-06-2019,238.82000
27-06-2019,238.46000
26-06-2019,238.81000
25-06-2019,238.99000
24-06-2019,237.98000
21-06-2019,237.38000
20-06-2019,238.17000
19-06-2019,237.42000
18-06-2019,236.08000
17-06-2019,236.83000
14-06-2019,238.52000
13-06-2019,240.91000
12-06-2019,241.05000
11-06-2019,240.72000
10-06-2019,240.71000
07-06-2019,238.69000
06-06-2019,239.07000
04-06-2019,240.26000
03-06-2019,240.86000
31-05-2019,238.89000
30-05-2019,239.90000
29-05-2019,239.87000
28-05-2019,240.19000
27-05-2019,240.60000
24-05-2019,239.86000
23-05-2019,238.22000
22-05-2019,242.20000
21-05-2019,241.73000
20-05-2019,242.35000
17-05-2019,238.85000
16-05-2019,234.59000
15-05-2019,234.45000
14-05-2019,234.66000
13-05-2019,233.18000
10-05-2019,236.77000
09-05-2019,237.85000
08-05-2019,238.44000
07-05-2019,239.60000
06-05-2019,239.56000
03-05-2019,240.66000
02-05-2019,241.02000
30-04-2019,241.77000
26-04-2019,242.84000
25-04-2019,242.68000
24-04-2019,243.63000
23-04-2019,242.64000
22-04-2019,242.57000
18-04-2019,244.28000
16-04-2019,245.57000
15-04-2019,244.33000
12-04-2019,243.75000
11-04-2019,240.26000
10-04-2019,239.19000
09-04-2019,239.63000
08-04-2019,239.40000
05-04-2019,240.19000
04-04-2019,240.20000
03-04-2019,240.31000
02-04-2019,240.72000
01-04-2019,240.21000
29-03-2019,239.89000
28-03-2019,240.21000
27-03-2019,237.48000
26-03-2019,237.60000
25-03-2019,236.71000
22-03-2019,238.65000
20-03-2019,239.21000
19-03-2019,240.19000
18-03-2019,238.24000
15-03-2019,237.26000
14-03-2019,239.96000
13-03-2019,239.51000
12-03-2019,240.11000
11-03-2019,237.71000
08-03-2019,235.08000
07-03-2019,234.66000
06-03-2019,232.99000
05-03-2019,232.17000
01-03-2019,230.02000
28-02-2019,229.43000
27-02-2019,229.09000
26-02-2019,229.48000
25-02-2019,229.92000
22-02-2019,228.73000
21-02-2019,228.24000
20-02-2019,228.05000
19-02-2019,227.47000
18-02-2019,226.93000
15-02-2019,229.55000
14-02-2019,230.37000
13-02-2019,230.34000
12-02-2019,230.62000
11-02-2019,231.53000
08-02-2019,232.51000
07-02-2019,235.74000
06-02-2019,234.12000
05-02-2019,232.60000
04-02-2019,233.54000
01-02-2019,235.64000
31-01-2019,233.35000
30-01-2019,231.46000
29-01-2019,231.75000
28-01-2019,230.75000
25-01-2019,232.66000
24-01-2019,234.07000
23-01-2019,233.56000
22-01-2019,237.27000
21-01-2019,237.56000
18-01-2019,238.17000
17-01-2019,238.81000
16-01-2019,239.25000
15-01-2019,240.96000
14-01-2019,239.84000
11-01-2019,239.79000
10-01-2019,238.80000
09-01-2019,238.03000
08-01-2019,236.21000
07-01-2019,235.69000
04-01-2019,234.48000
03-01-2019,234.28000
02-01-2019,234.70000
01-01-2019,236.47000
31-12-2018,236.72000
28-12-2018,236.75000
27-12-2018,234.98000
26-12-2018,232.85000
24-12-2018,233.11000
21-12-2018,234.72000
20-12-2018,237.62000
19-12-2018,238.43000
18-12-2018,235.66000
17-12-2018,235.64000
14-12-2018,233.84000
13-12-2018,233.40000
12-12-2018,232.94000
11-12-2018,229.38000
10-12-2018,225.15000
07-12-2018,228.41000
06-12-2018,226.96000
05-12-2018,230.14000
04-12-2018,232.37000
03-12-2018,233.58000
30-11-2018,233.97000
29-11-2018,233.99000
28-11-2018,231.47000
27-11-2018,232.44000
26-11-2018,232.05000
22-11-2018,228.33000
21-11-2018,229.48000
20-11-2018,229.41000
19-11-2018,231.47000
16-11-2018,228.48000
15-11-2018,226.87000
14-11-2018,226.61000
13-11-2018,225.23000
12-11-2018,223.82000
09-11-2018,225.60000
06-11-2018,224.04000
05-11-2018,225.39000
02-11-2018,226.59000
01-11-2018,222.98000
31-10-2018,224.35000
30-10-2018,222.02000
29-10-2018,222.40000
26-10-2018,220.02000
25-10-2018,222.37000
24-10-2018,222.09000
23-10-2018,220.89000
22-10-2018,224.04000
19-10-2018,225.34000
17-10-2018,225.04000
16-10-2018,225.44000
15-10-2018,223.51000
12-10-2018,222.42000
11-10-2018,216.39000
10-10-2018,218.48000
09-10-2018,215.45000
08-10-2018,218.83000
05-10-2018,220.91000
04-10-2018,225.44000
03-10-2018,230.17000
01-10-2018,232.83000
28-09-2018,233.25000
27-09-2018,233.07000
26-09-2018,234.38000
25-09-2018,236.61000
24-09-2018,235.56000
21-09-2018,239.74000
19-09-2018,240.99000
18-09-2018,243.29000
17-09-2018,242.56000
14-09-2018,245.88000
12-09-2018,244.23000
11-09-2018,239.70000
10-09-2018,244.30000
07-09-2018,248.17000
06-09-2018,246.94000
05-09-2018,246.95000
04-09-2018,247.71000
03-09-2018,251.94000
31-08-2018,255.65000
30-08-2018,255.02000
29-08-2018,253.33000
28-08-2018,254.19000
27-08-2018,254.44000
24-08-2018,252.66000
23-08-2018,253.92000
21-08-2018,251.79000
20-08-2018,251.45000
17-08-2018,251.23000
16-08-2018,248.22000
14-08-2018,248.54000
13-08-2018,246.33000
10-08-2018,245.65000
09-08-2018,244.99000
08-08-2018,243.93000
07-08-2018,243.31000
06-08-2018,243.11000
03-08-2018,242.39000
02-08-2018,240.77000
01-08-2018,241.03000
31-07-2018,238.35000
30-07-2018,237.40000
27-07-2018,237.54000
26-07-2018,232.45000
25-07-2018,231.99000
24-07-2018,232.25000
23-07-2018,231.32000
20-07-2018,226.52000
19-07-2018,225.83000
18-07-2018,224.60000
17-07-2018,225.95000
16-07-2018,226.20000
13-07-2018,226.49000
12-07-2018,228.93000
11-07-2018,229.07000
10-07-2018,228.68000
09-07-2018,227.53000
06-07-2018,225.46000
05-07-2018,225.58000
04-07-2018,223.32000
03-07-2018,222.99000
02-07-2018,222.00000
29-06-2018,222.74000
28-06-2018,219.30000
27-06-2018,221.46000
26-06-2018,222.57000
25-06-2018,221.09000
22-06-2018,222.13000
21-06-2018,220.84000
20-06-2018,221.74000
19-06-2018,222.49000
18-06-2018,223.23000
15-06-2018,222.86000
14-06-2018,223.62000
13-06-2018,223.55000
12-06-2018,223.74000
11-06-2018,223.43000
08-06-2018,222.91000
07-06-2018,223.54000
06-06-2018,222.84000
05-06-2018,221.22000
04-06-2018,222.49000
01-06-2018,224.31000
31-05-2018,225.96000
30-05-2018,225.48000
29-05-2018,226.71000
28-05-2018,229.34000
25-05-2018,229.88000
24-05-2018,228.39000
23-05-2018,227.26000
22-05-2018,228.47000
21-05-2018,228.47000
18-05-2018,229.66000
17-05-2018,228.34000
16-05-2018,230.30000
15-05-2018,227.74000
14-05-2018,228.41000
11-05-2018,228.76000
10-05-2018,227.01000
09-05-2018,227.99000
08-05-2018,228.39000
07-05-2018,228.69000
04-05-2018,226.66000
03-05-2018,228.84000
02-05-2018,231.05000
30-04-2018,231.10000
27-04-2018,228.93000
26-04-2018,228.43000
25-04-2018,226.56000
24-04-2018,227.94000
23-04-2018,228.28000
20-04-2018,228.77000
19-04-2018,229.97000
18-04-2018,228.69000
17-04-2018,226.68000
16-04-2018,225.20000
13-04-2018,223.71000
12-04-2018,224.05000
11-04-2018,225.04000
10-04-2018,224.02000
09-04-2018,224.36000
06-04-2018,222.14000
05-04-2018,220.20000
04-04-2018,218.78000
03-04-2018,218.80000
02-04-2018,218.69000
28-03-2018,216.86000
27-03-2018,217.39000
26-03-2018,216.09000
23-03-2018,213.67000
22-03-2018,214.49000
21-03-2018,214.38000
20-03-2018,213.57000
19-03-2018,212.87000
16-03-2018,214.81000
15-03-2018,217.38000
14-03-2018,217.20000
13-03-2018,218.02000
12-03-2018,217.45000
09-03-2018,214.33000
08-03-2018,213.64000
07-03-2018,213.40000
06-03-2018,213.03000
05-03-2018,215.30000
01-03-2018,217.12000
28-02-2018,217.09000
27-02-2018,217.78000
26-02-2018,217.34000
23-02-2018,217.82000
22-02-2018,216.15000
21-02-2018,216.92000
20-02-2018,215.84000
19-02-2018,216.34000
16-02-2018,217.31000
15-02-2018,218.55000
14-02-2018,218.18000
12-02-2018,218.82000
09-02-2018,217.57000
08-02-2018,218.27000
07-02-2018,216.99000
06-02-2018,215.87000
05-02-2018,218.20000
02-02-2018,219.30000
01-02-2018,221.54000
31-01-2018,220.17000
30-01-2018,222.83000
29-01-2018,224.16000
25-01-2018,225.62000
24-01-2018,227.23000
23-01-2018,226.97000
22-01-2018,225.83000
19-01-2018,225.31000
18-01-2018,224.04000
17-01-2018,222.50000
16-01-2018,221.93000
15-01-2018,224.23000
12-01-2018,224.81000
11-01-2018,225.67000
10-01-2018,225.37000
09-01-2018,225.09000
08-01-2018,224.68000
05-01-2018,223.59000
04-01-2018,221.72000
03-01-2018,221.79000
02-01-2018,220.37000
01-01-2018,220.99000
29-12-2017,221.11000
28-12-2017,219.63000
27-12-2017,219.71000
26-12-2017,220.80000
22-12-2017,220.80000
21-12-2017,221.04000
20-12-2017,220.50000
19-12-2017,219.88000
18-12-2017,218.24000
15-12-2017,217.46000
14-12-2017,216.14000
13-12-2017,214.63000
12-12-2017,215.72000
11-12-2017,217.39000
08-12-2017,216.62000
07-12-2017,213.39000
06-12-2017,211.81000
05-12-2017,212.71000
04-12-2017,213.11000
01-12-2017,213.80000
30-11-2017,214.77000
29-11-2017,215.40000
28-11-2017,215.29000
27-11-2017,215.52000
24-11-2017,215.26000
23-11-2017,213.56000
22-11-2017,213.16000
21-11-2017,213.37000
20-11-2017,213.26000
17-11-2017,212.70000
16-11-2017,211.08000
15-11-2017,209.52000
14-11-2017,211.31000
13-11-2017,212.65000
10-11-2017,213.43000
09-11-2017,212.22000
08-11-2017,211.76000
07-11-2017,211.20000
06-11-2017,211.93000
03-11-2017,211.75000
02-11-2017,211.59000
01-11-2017,213.19000
31-10-2017,211.46000
30-10-2017,211.36000
27-10-2017,211.20000
26-10-2017,211.03000
25-10-2017,211.26000
24-10-2017,210.18000
23-10-2017,209.47000
18-10-2017,211.03000
17-10-2017,210.75000
16-10-2017,210.43000
13-10-2017,209.67000
12-10-2017,209.52000
11-10-2017,207.58000
10-10-2017,208.70000
09-10-2017,208.79000
06-10-2017,207.97000
05-10-2017,205.82000
04-10-2017,205.76000
03-10-2017,203.14000
29-09-2017,201.71000
28-09-2017,202.01000
27-09-2017,200.30000
26-09-2017,203.06000
25-09-2017,203.46000
22-09-2017,205.92000
21-09-2017,207.94000
20-09-2017,208.90000
19-09-2017,208.90000
18-09-2017,207.81000
15-09-2017,207.47000
14-09-2017,207.36000
13-09-2017,206.53000
12-09-2017,210.00000
11-09-2017,207.92000
08-09-2017,206.08000
07-09-2017,205.35000
06-09-2017,206.34000
05-09-2017,207.71000
04-09-2017,206.64000
01-09-2017,207.89000
31-08-2017,207.12000
30-08-2017,206.51000
29-08-2017,205.09000
28-08-2017,206.59000
24-08-2017,205.27000
23-08-2017,205.65000
22-08-2017,205.44000
21-08-2017,205.19000
18-08-2017,205.87000
17-08-2017,205.29000
16-08-2017,205.43000
14-08-2017,202.47000
11-08-2017,199.63000
10-08-2017,200.92000
09-08-2017,201.20000
08-08-2017,202.62000
07-08-2017,204.04000
04-08-2017,203.40000
03-08-2017,202.96000
02-08-2017,202.89000
01-08-2017,203.53000
31-07-2017,203.21000
28-07-2017,204.30000
27-07-2017,203.65000
26-07-2017,205.30000
25-07-2017,205.30000
24-07-2017,205.28000
21-07-2017,203.67000
20-07-2017,203.65000
19-07-2017,203.81000
18-07-2017,202.14000
17-07-2017,210.60000
14-07-2017,212.34000
13-07-2017,212.00000
12-07-2017,209.58000
11-07-2017,208.97000
10-07-2017,210.66000
07-07-2017,210.60000
06-07-2017,211.34000
05-07-2017,209.28000
04-07-2017,209.94000
03-07-2017,210.31000
30-06-2017,204.69000
29-06-2017,201.72000
28-06-2017,200.01000
27-06-2017,201.56000
23-06-2017,202.39000
22-06-2017,202.90000
21-06-2017,203.08000
20-06-2017,202.17000
19-06-2017,202.93000
16-06-2017,202.02000
15-06-2017,201.23000
14-06-2017,201.01000
13-06-2017,202.29000
12-06-2017,201.59000
09-06-2017,202.14000
08-06-2017,202.82000
07-06-2017,203.08000
06-06-2017,202.21000
05-06-2017,204.37000
02-06-2017,202.29000
01-06-2017,200.62000
31-05-2017,199.17000
30-05-2017,198.12000
29-05-2017,199.67000
26-05-2017,199.27000
25-05-2017,195.57000
24-05-2017,194.07000
23-05-2017,195.34000
22-05-2017,198.02000
19-05-2017,194.39000
18-05-2017,192.29000
17-05-2017,194.32000
16-05-2017,194.79000
15-05-2017,193.30000
12-05-2017,191.88000
11-05-2017,192.06000
10-05-2017,191.54000
09-05-2017,189.47000
08-05-2017,189.95000
05-05-2017,190.72000
04-05-2017,192.39000
03-05-2017,191.14000
02-05-2017,191.52000
28-04-2017,191.34000
27-04-2017,192.74000
26-04-2017,193.89000
25-04-2017,191.84000
24-04-2017,189.97000
21-04-2017,189.20000
20-04-2017,190.32000
19-04-2017,189.45000
18-04-2017,188.67000
17-04-2017,188.99000
13-04-2017,190.16000
12-04-2017,190.36000
11-04-2017,190.74000
10-04-2017,188.22000
07-04-2017,187.72000
06-04-2017,188.46000
05-04-2017,190.56000
03-04-2017,190.06000
31-03-2017,189.19000
30-03-2017,189.09000
29-03-2017,187.62000
28-03-2017,186.35000
27-03-2017,185.90000
24-03-2017,185.68000
23-03-2017,185.20000
22-03-2017,184.91000
21-03-2017,187.19000
20-03-2017,186.51000
17-03-2017,186.34000
16-03-2017,183.20000
15-03-2017,182.32000
14-03-2017,182.14000
10-03-2017,178.78000
09-03-2017,178.70000
08-03-2017,178.26000
07-03-2017,178.86000
06-03-2017,179.06000
03-03-2017,178.46000
02-03-2017,178.92000
01-03-2017,180.24000
28-02-2017,178.79000
27-02-2017,178.71000
23-02-2017,178.71000
22-02-2017,178.89000
21-02-2017,179.16000
20-02-2017,179.42000
17-02-2017,178.97000
16-02-2017,178.26000
15-02-2017,178.91000
14-02-2017,179.32000
13-02-2017,179.61000
10-02-2017,179.75000
09-02-2017,180.52000
08-02-2017,179.84000
07-02-2017,179.83000
06-02-2017,180.00000
03-02-2017,177.21000
02-02-2017,177.12000
01-02-2017,175.51000
31-01-2017,172.06000
30-01-2017,171.89000
27-01-2017,172.41000
25-01-2017,174.34000
24-01-2017,171.91000
23-01-2017,170.32000
20-01-2017,169.23000
19-01-2017,169.96000
18-01-2017,168.87000
17-01-2017,167.63000
16-01-2017,166.83000
13-01-2017,166.81000
12-01-2017,165.08000
11-01-2017,165.89000
10-01-2017,165.12000
09-01-2017,164.05000
06-01-2017,163.91000
05-01-2017,165.28000
04-01-2017,164.68000
03-01-2017,164.19000
02-01-2017,163.23000
30-12-2016,163.11000
29-12-2016,160.67000
28-12-2016,159.50000
27-12-2016,158.54000
26-12-2016,155.68000
23-12-2016,156.13000
22-12-2016,157.37000
21-12-2016,157.61000
20-12-2016,158.72000
19-12-2016,158.90000
16-12-2016,159.48000
15-12-2016,160.29000
14-12-2016,161.40000
13-12-2016,163.01000
12-12-2016,161.66000
09-12-2016,164.49000
08-12-2016,163.13000
07-12-2016,160.75000
06-12-2016,161.61000
05-12-2016,162.44000
02-12-2016,160.65000
01-12-2016,162.84000
30-11-2016,163.13000
29-11-2016,162.18000
28-11-2016,162.01000
25-11-2016,160.97000
24-11-2016,159.08000
23-11-2016,159.58000
22-11-2016,159.04000
21-11-2016,158.19000
18-11-2016,160.93000
17-11-2016,162.47000
16-11-2016,162.65000
15-11-2016,163.04000
11-11-2016,168.47000
10-11-2016,173.78000
09-11-2016,172.83000
08-11-2016,176.70000
07-11-2016,176.46000
04-11-2016,174.65000
03-11-2016,173.21000
02-11-2016,173.43000
01-11-2016,175.47000
28-10-2016,176.01000
27-10-2016,175.27000
26-10-2016,175.50000
25-10-2016,176.43000
24-10-2016,177.02000
21-10-2016,176.45000
20-10-2016,176.32000
19-10-2016,175.89000
18-10-2016,176.71000
17-10-2016,174.71000
14-10-2016,175.40000
13-10-2016,174.97000
10-10-2016,176.63000
07-10-2016,176.38000
06-10-2016,176.10000
05-10-2016,176.94000
04-10-2016,176.59000
03-10-2016,176.46000
30-09-2016,174.07000
29-09-2016,173.95000
28-09-2016,176.65000
27-09-2016,176.17000
26-09-2016,176.33000
23-09-2016,178.42000
22-09-2016,178.80000
21-09-2016,177.56000
20-09-2016,178.40000
19-09-2016,179.56000
16-09-2016,180.72000
15-09-2016,179.57000
14-09-2016,178.99000
12-09-2016,178.55000
09-09-2016,181.80000
08-09-2016,184.23000
07-09-2016,183.53000
06-09-2016,183.45000
02-09-2016,183.29000
01-09-2016,182.61000
31-08-2016,182.80000
30-08-2016,182.62000
29-08-2016,180.68000
26-08-2016,180.58000
25-08-2016,180.54000
24-08-2016,179.92000
23-08-2016,179.94000
22-08-2016,180.63000
19-08-2016,179.86000
18-08-2016,179.70000
17-08-2016,179.57000
16-08-2016,178.54000
12-08-2016,178.04000
11-08-2016,177.39000
10-08-2016,175.29000
09-08-2016,177.07000
08-08-2016,177.70000
05-08-2016,176.14000
04-08-2016,175.16000
03-08-2016,175.64000
02-08-2016,179.40000
01-08-2016,177.85000
29-07-2016,177.62000
28-07-2016,177.57000
27-07-2016,174.77000
26-07-2016,176.14000
25-07-2016,176.86000
22-07-2016,175.92000
21-07-2016,175.27000
20-07-2016,175.24000
19-07-2016,174.52000
18-07-2016,173.98000
15-07-2016,174.31000
14-07-2016,174.59000
13-07-2016,173.40000
12-07-2016,174.20000
11-07-2016,174.34000
08-07-2016,173.12000
07-07-2016,173.26000
05-07-2016,172.46000
04-07-2016,172.82000
01-07-2016,173.16000
30-06-2016,170.54000
29-06-2016,169.21000
28-06-2016,168.52000
27-06-2016,166.44000
24-06-2016,164.58000
23-06-2016,166.20000
22-06-2016,165.27000
21-06-2016,166.19000
20-06-2016,166.46000
17-06-2016,166.81000
16-06-2016,165.82000
15-06-2016,166.26000
14-06-2016,165.14000
13-06-2016,164.53000
10-06-2016,164.81000
09-06-2016,166.22000
08-06-2016,167.78000
07-06-2016,167.23000
06-06-2016,165.61000
03-06-2016,165.43000
02-06-2016,166.33000
01-06-2016,166.48000
31-05-2016,164.32000
30-05-2016,165.37000
27-05-2016,164.72000
26-05-2016,165.19000
25-05-2016,163.63000
24-05-2016,161.19000
23-05-2016,161.26000
20-05-2016,159.18000
19-05-2016,158.40000
18-05-2016,161.19000
17-05-2016,160.94000
16-05-2016,160.45000
13-05-2016,159.04000
12-05-2016,158.69000
11-05-2016,158.38000
10-05-2016,158.60000
09-05-2016,158.77000
06-05-2016,157.09000
05-05-2016,156.30000
04-05-2016,154.92000
03-05-2016,156.61000
02-05-2016,158.20000
29-04-2016,157.89000
28-04-2016,157.62000
27-04-2016,160.85000
26-04-2016,159.21000
25-04-2016,157.85000
22-04-2016,158.85000
21-04-2016,160.05000
20-04-2016,162.08000
18-04-2016,161.46000
13-04-2016,158.68000
12-04-2016,156.13000
11-04-2016,155.80000
08-04-2016,153.53000
07-04-2016,152.67000
06-04-2016,154.24000
05-04-2016,153.28000
04-04-2016,155.09000
01-04-2016,155.16000
31-03-2016,154.10000
30-03-2016,152.51000
29-03-2016,150.46000
28-03-2016,150.46000
23-03-2016,153.66000
22-03-2016,153.48000
21-03-2016,154.54000
18-03-2016,152.73000
17-03-2016,151.87000
16-03-2016,151.17000
15-03-2016,150.65000
14-03-2016,152.87000
11-03-2016,151.65000
10-03-2016,150.36000
09-03-2016,151.24000
08-03-2016,151.31000
04-03-2016,150.03000
03-03-2016,150.71000
02-03-2016,149.76000
01-03-2016,149.87000
29-02-2016,142.47000
26-02-2016,142.67000
25-02-2016,142.08000
24-02-2016,142.67000
23-02-2016,144.46000
22-02-2016,147.00000
19-02-2016,147.07000
18-02-2016,146.35000
17-02-2016,144.35000
16-02-2016,143.91000
15-02-2016,146.51000
12-02-2016,143.84000
11-02-2016,144.95000
10-02-2016,149.99000
09-02-2016,151.50000
08-02-2016,153.57000
05-02-2016,154.78000
04-02-2016,153.03000
03-02-2016,152.74000
02-02-2016,153.76000
01-02-2016,155.27000
29-01-2016,154.22000
28-01-2016,152.42000
27-01-2016,151.66000
25-01-2016,151.01000
22-01-2016,150.64000
21-01-2016,148.33000
20-01-2016,149.21000
19-01-2016,151.44000
18-01-2016,150.54000
15-01-2016,152.18000
14-01-2016,155.17000
13-01-2016,155.85000
12-01-2016,156.59000
11-01-2016,156.74000
08-01-2016,157.04000
07-01-2016,155.09000
06-01-2016,158.58000
05-01-2016,161.11000
04-01-2016,160.67000
01-01-2016,161.77000
31-12-2015,161.50000
30-12-2015,160.88000
29-12-2015,160.35000
28-12-2015,160.43000
24-12-2015,158.85000
23-12-2015,158.41000
22-12-2015,157.74000
21-12-2015,158.99000
18-12-2015,156.95000
17-12-2015,157.21000
16-12-2015,155.74000
15-12-2015,156.60000
14-12-2015,154.87000
11-12-2015,154.63000
10-12-2015,155.60000
09-12-2015,153.88000
08-12-2015,154.88000
07-12-2015,155.16000
04-12-2015,158.78000
03-12-2015,160.50000
02-12-2015,162.18000
01-12-2015,161.74000
30-11-2015,161.18000
27-11-2015,161.78000
26-11-2015,161.70000
24-11-2015,160.45000
23-11-2015,160.81000
20-11-2015,161.83000
19-11-2015,162.03000
18-11-2015,159.59000
17-11-2015,160.17000
16-11-2015,157.44000
13-11-2015,155.60000
10-11-2015,157.18000
09-11-2015,159.78000
06-11-2015,157.78000
05-11-2015,158.30000
04-11-2015,159.98000
03-11-2015,159.60000
02-11-2015,159.99000
30-10-2015,160.23000
29-10-2015,163.96000
28-10-2015,164.68000
27-10-2015,164.95000
26-10-2015,164.83000
23-10-2015,165.75000
21-10-2015,163.71000
20-10-2015,164.13000
19-10-2015,164.23000
16-10-2015,163.51000
15-10-2015,163.20000
14-10-2015,162.13000
13-10-2015,161.84000
12-10-2015,161.24000
09-10-2015,162.17000
08-10-2015,161.71000
07-10-2015,163.40000
06-10-2015,163.44000
05-10-2015,159.76000
01-10-2015,157.62000
30-09-2015,157.15000
29-09-2015,154.40000
28-09-2015,154.38000
24-09-2015,155.25000
23-09-2015,153.70000
22-09-2015,153.04000
21-09-2015,154.96000
18-09-2015,155.79000
16-09-2015,155.71000
15-09-2015,155.25000
14-09-2015,154.41000
11-09-2015,152.54000
10-09-2015,151.88000
09-09-2015,152.20000
08-09-2015,150.43000
07-09-2015,151.74000
04-09-2015,153.84000
03-09-2015,155.09000
02-09-2015,154.84000
01-09-2015,154.72000
31-08-2015,158.03000
28-08-2015,159.06000
27-08-2015,158.77000
26-08-2015,154.18000
25-08-2015,154.50000
24-08-2015,154.64000
21-08-2015,163.18000
20-08-2015,163.26000
19-08-2015,162.26000
18-08-2015,161.65000
17-08-2015,161.65000
14-08-2015,162.01000
13-08-2015,160.79000
12-08-2015,161.41000
11-08-2015,163.88000
10-08-2015,164.88000
07-08-2015,164.75000
06-08-2015,164.97000
05-08-2015,166.05000
04-08-2015,164.54000
03-08-2015,163.58000
31-07-2015,163.71000
30-07-2015,161.29000
29-07-2015,157.91000
28-07-2015,158.94000
27-07-2015,159.22000
24-07-2015,160.50000
23-07-2015,160.90000
22-07-2015,160.54000
21-07-2015,159.86000
20-07-2015,162.55000
17-07-2015,162.30000
16-07-2015,161.05000
15-07-2015,159.84000
14-07-2015,159.27000
13-07-2015,159.52000
10-07-2015,158.13000
09-07-2015,158.10000
08-07-2015,158.40000
07-07-2015,160.08000
06-07-2015,159.08000
03-07-2015,157.76000
02-07-2015,156.65000
01-07-2015,156.58000
30-06-2015,156.84000
29-06-2015,154.07000
26-06-2015,154.88000
25-06-2015,155.60000
24-06-2015,155.93000
23-06-2015,156.03000
22-06-2015,155.41000
19-06-2015,153.29000
18-06-2015,152.09000
17-06-2015,151.72000
16-06-2015,150.27000
15-06-2015,150.49000
12-06-2015,149.92000
11-06-2015,149.65000
10-06-2015,151.78000
09-06-2015,151.03000
08-06-2015,152.02000
05-06-2015,153.65000
04-06-2015,152.70000
03-06-2015,152.65000
02-06-2015,155.36000
01-06-2015,159.70000
29-05-2015,158.81000
28-05-2015,156.29000
27-05-2015,155.11000
26-05-2015,155.09000
25-05-2015,155.85000
22-05-2015,157.91000
21-05-2015,157.10000
20-05-2015,158.31000
19-05-2015,158.96000
18-05-2015,158.63000
15-05-2015,156.60000
14-05-2015,155.28000
13-05-2015,155.29000
12-05-2015,153.45000
11-05-2015,154.89000
08-05-2015,153.51000
07-05-2015,151.90000
06-05-2015,152.96000
05-05-2015,157.15000
04-05-2015,156.77000
30-04-2015,153.83000
29-04-2015,154.85000
28-04-2015,156.22000
27-04-2015,156.16000
24-04-2015,159.74000
23-04-2015,160.04000
22-04-2015,159.40000
21-04-2015,158.94000
20-04-2015,160.51000
17-04-2015,165.12000
16-04-2015,166.17000
15-04-2015,167.20000
13-04-2015,166.80000
10-04-2015,165.23000
09-04-2015,164.27000
08-04-2015,163.77000
07-04-2015,161.70000
06-04-2015,160.33000
01-04-2015,157.67000
31-03-2015,155.83000
30-03-2015,156.19000
27-03-2015,153.30000
26-03-2015,154.19000
25-03-2015,155.81000
24-03-2015,156.35000
23-03-2015,156.18000
20-03-2015,157.04000
19-03-2015,159.50000
18-03-2015,159.85000
17-03-2015,160.62000
16-03-2015,158.81000
13-03-2015,159.44000
12-03-2015,162.22000
11-03-2015,160.15000
10-03-2015,160.89000
09-03-2015,161.19000
05-03-2015,163.04000
04-03-2015,160.24000
03-03-2015,159.42000
02-03-2015,157.86000
27-02-2015,164.60000
26-02-2015,163.67000
25-02-2015,165.30000
24-02-2015,164.81000
23-02-2015,164.26000
20-02-2015,165.44000
19-02-2015,164.23000
18-02-2015,165.01000
16-02-2015,163.76000
13-02-2015,162.12000
12-02-2015,159.68000
11-02-2015,159.25000
10-02-2015,158.34000
09-02-2015,157.70000
06-02-2015,158.95000
05-02-2015,158.59000
04-02-2015,158.88000
03-02-2015,159.22000
02-02-2015,158.05000
30-01-2015,160.17000
29-01-2015,161.70000
28-01-2015,161.06000
27-01-2015,160.96000
23-01-2015,159.42000
22-01-2015,159.71000
21-01-2015,158.64000
20-01-2015,160.80000
19-01-2015,159.10000
16-01-2015,158.21000
15-01-2015,157.51000
14-01-2015,155.33000
13-01-2015,156.38000
12-01-2015,155.07000
09-01-2015,153.92000
08-01-2015,154.60000
07-01-2015,152.49000
06-01-2015,152.40000
05-01-2015,155.59000
02-01-2015,155.51000
01-01-2015,154.24000
31-12-2014,153.92000
30-12-2014,153.08000
29-12-2014,152.79000
26-12-2014,151.47000
24-12-2014,152.12000
23-12-2014,153.31000
22-12-2014,153.31000
19-12-2014,151.54000
18-12-2014,152.22000
17-12-2014,149.71000
16-12-2014,151.83000
15-12-2014,156.06000
12-12-2014,156.80000
11-12-2014,157.26000
10-12-2014,157.82000
09-12-2014,156.71000
08-12-2014,158.52000
05-12-2014,157.79000
04-12-2014,156.09000
03-12-2014,152.77000
02-12-2014,152.46000
01-12-2014,150.43000
28-11-2014,149.47000
27-11-2014,148.83000
26-11-2014,148.38000
25-11-2014,145.94000
24-11-2014,150.69000
21-11-2014,151.05000
20-11-2014,149.69000
19-11-2014,149.78000
18-11-2014,150.12000
17-11-2014,149.83000
14-11-2014,149.06000
13-11-2014,147.69000
12-11-2014,147.44000
11-11-2014,145.71000
10-11-2014,146.35000
07-11-2014,143.18000
05-11-2014,143.77000
03-11-2014,143.13000
31-10-2014,143.16000
30-10-2014,142.48000
29-10-2014,141.40000
28-10-2014,140.09000
27-10-2014,139.89000
22-10-2014,138.91000
21-10-2014,138.36000
20-10-2014,137.76000
17-10-2014,136.86000
16-10-2014,136.57000
14-10-2014,137.19000
13-10-2014,137.63000
10-10-2014,137.73000
09-10-2014,139.98000
08-10-2014,139.22000
07-10-2014,139.28000
01-10-2014,139.99000
30-09-2014,140.67000
29-09-2014,139.85000
26-09-2014,140.04000
25-09-2014,140.21000
24-09-2014,141.53000
23-09-2014,140.57000
22-09-2014,141.30000
19-09-2014,138.89000
18-09-2014,139.19000
17-09-2014,138.08000
16-09-2014,137.65000
15-09-2014,139.19000
12-09-2014,139.10000
11-09-2014,137.18000
10-09-2014,136.89000
09-09-2014,138.07000
08-09-2014,137.22000
05-09-2014,135.95000
04-09-2014,135.96000
03-09-2014,135.24000
02-09-2014,135.67000
01-09-2014,134.60000
28-08-2014,134.52000
27-08-2014,134.05000
26-08-2014,134.10000
25-08-2014,132.91000
22-08-2014,132.37000
21-08-2014,132.06000
20-08-2014,131.93000
19-08-2014,132.77000
18-08-2014,132.17000
14-08-2014,131.77000
13-08-2014,130.68000
12-08-2014,129.77000
11-08-2014,129.72000
08-08-2014,129.46000
07-08-2014,129.81000
06-08-2014,130.04000
05-08-2014,131.63000
04-08-2014,131.05000
01-08-2014,129.87000
31-07-2014,131.70000
30-07-2014,131.74000
28-07-2014,131.02000
25-07-2014,131.69000
24-07-2014,131.18000
23-07-2014,130.52000
22-07-2014,130.37000
21-07-2014,129.51000
18-07-2014,127.62000
17-07-2014,127.64000
16-07-2014,127.07000
15-07-2014,125.90000
14-07-2014,125.91000
11-07-2014,126.11000
10-07-2014,126.16000
09-07-2014,127.25000
08-07-2014,126.66000
07-07-2014,127.57000
04-07-2014,127.27000
03-07-2014,126.82000
02-07-2014,125.08000
01-07-2014,123.75000
30-06-2014,123.42000
27-06-2014,122.06000
26-06-2014,121.64000
25-06-2014,121.94000
24-06-2014,122.14000
23-06-2014,120.81000
20-06-2014,124.87000
19-06-2014,124.53000
18-06-2014,124.96000
17-06-2014,125.28000
16-06-2014,124.97000
13-06-2014,123.91000
12-06-2014,125.59000
11-06-2014,125.14000
10-06-2014,125.87000
09-06-2014,125.75000
06-06-2014,125.39000
05-06-2014,123.83000
04-06-2014,122.86000
03-06-2014,123.42000
02-06-2014,122.78000
30-05-2014,123.46000
29-05-2014,123.09000
28-05-2014,123.93000
27-05-2014,123.87000
26-05-2014,124.09000
23-05-2014,124.75000
22-05-2014,124.45000
21-05-2014,122.71000
20-05-2014,122.14000
19-05-2014,121.32000
16-05-2014,124.11000
15-05-2014,126.06000
14-05-2014,126.35000
13-05-2014,125.68000
12-05-2014,124.81000
09-05-2014,122.35000
08-05-2014,121.65000
07-05-2014,122.20000
06-05-2014,122.30000
05-05-2014,121.99000
02-05-2014,121.22000
30-04-2014,121.55000
29-04-2014,121.73000
28-04-2014,122.41000
25-04-2014,123.00000
23-04-2014,125.10000
22-04-2014,124.12000
21-04-2014,124.31000
17-04-2014,124.21000
16-04-2014,122.49000
15-04-2014,121.73000
11-04-2014,121.29000
10-04-2014,121.54000
09-04-2014,122.21000
07-04-2014,121.45000
04-04-2014,121.45000
03-04-2014,121.98000
02-04-2014,121.58000
01-04-2014,122.91000
31-03-2014,122.68000
28-03-2014,123.58000
27-03-2014,123.16000
26-03-2014,122.73000
25-03-2014,123.66000
24-03-2014,123.26000
21-03-2014,122.72000
20-03-2014,121.90000
19-03-2014,122.25000
18-03-2014,121.08000
14-03-2014,119.32000
13-03-2014,118.60000
12-03-2014,118.21000
11-03-2014,117.04000
10-03-2014,117.28000
07-03-2014,117.75000
06-03-2014,117.40000
05-03-2014,116.96000
04-03-2014,116.31000
03-03-2014,115.72000
28-02-2014,115.79000
26-02-2014,115.85000
25-02-2014,114.76000
24-02-2014,114.34000
21-02-2014,113.82000
20-02-2014,112.44000
19-02-2014,113.42000
18-02-2014,113.17000
17-02-2014,113.40000
14-02-2014,113.64000
13-02-2014,113.11000
12-02-2014,114.28000
11-02-2014,115.24000
10-02-2014,115.35000
07-02-2014,115.07000
06-02-2014,114.89000
05-02-2014,113.87000
04-02-2014,114.71000
03-02-2014,113.91000
31-01-2014,114.87000
30-01-2014,114.28000
29-01-2014,115.32000
28-01-2014,115.55000
27-01-2014,115.36000
24-01-2014,116.16000
23-01-2014,117.62000
22-01-2014,117.18000
21-01-2014,117.25000
20-01-2014,117.21000
17-01-2014,115.94000
16-01-2014,116.65000
15-01-2014,117.51000
14-01-2014,116.57000
13-01-2014,116.75000
10-01-2014,116.28000
09-01-2014,115.07000
08-01-2014,115.50000
07-01-2014,115.10000
06-01-2014,114.89000
03-01-2014,114.69000
02-01-2014,114.22000
01-01-2014,116.51000
31-12-2013,116.20000
30-12-2013,116.06000
27-12-2013,116.18000
26-12-2013,115.67000
24-12-2013,115.06000
23-12-2013,114.84000
20-12-2013,114.40000
19-12-2013,113.68000
18-12-2013,113.81000
17-12-2013,113.39000
16-12-2013,112.60000
13-12-2013,113.36000
12-12-2013,114.13000
11-12-2013,114.77000
10-12-2013,113.95000
09-12-2013,113.27000
06-12-2013,113.01000
05-12-2013,112.91000
04-12-2013,113.58000
03-12-2013,114.84000
02-12-2013,115.66000
29-11-2013,115.17000
28-11-2013,113.45000
27-11-2013,113.56000
26-11-2013,112.74000
25-11-2013,113.82000
22-11-2013,111.64000
21-11-2013,111.88000
20-11-2013,113.69000
19-11-2013,114.28000
18-11-2013,114.45000
14-11-2013,112.12000
13-11-2013,111.66000
12-11-2013,113.27000
11-11-2013,112.45000
08-11-2013,113.64000
07-11-2013,114.15000
06-11-2013,114.34000
05-11-2013,114.89000
01-11-2013,116.79000
31-10-2013,117.64000
30-10-2013,116.91000
29-10-2013,115.63000
28-10-2013,115.36000
25-10-2013,118.01000
24-10-2013,118.67000
23-10-2013,118.63000
22-10-2013,118.57000
21-10-2013,118.29000
18-10-2013,119.78000
17-10-2013,117.64000
15-10-2013,116.65000
14-10-2013,117.18000
11-10-2013,117.38000
10-10-2013,118.40000
09-10-2013,118.18000
08-10-2013,117.71000
07-10-2013,116.41000
04-10-2013,116.21000
03-10-2013,116.02000
01-10-2013,116.43000
30-09-2013,115.77000
27-09-2013,117.22000
26-09-2013,116.68000
25-09-2013,115.92000
24-09-2013,116.80000
23-09-2013,116.80000
20-09-2013,118.11000
19-09-2013,118.28000
18-09-2013,115.57000
17-09-2013,114.21000
16-09-2013,113.36000
13-09-2013,112.87000
12-09-2013,114.04000
11-09-2013,112.78000
10-09-2013,113.55000
06-09-2013,109.26000
05-09-2013,108.61000
04-09-2013,105.96000
03-09-2013,105.73000
02-09-2013,109.91000
30-08-2013,106.98000
29-08-2013,105.79000
28-08-2013,103.76000
27-08-2013,104.28000
26-08-2013,107.11000
23-08-2013,107.33000
22-08-2013,106.75000
21-08-2013,105.35000
20-08-2013,108.50000
19-08-2013,108.53000
16-08-2013,110.50000
14-08-2013,114.47000
13-08-2013,114.07000
12-08-2013,113.37000
08-08-2013,111.09000
07-08-2013,110.36000
06-08-2013,112.14000
05-08-2013,114.24000
02-08-2013,113.92000
01-08-2013,115.22000
31-07-2013,116.44000
30-07-2013,118.91000
29-07-2013,120.73000
26-07-2013,122.83000
25-07-2013,121.71000
24-07-2013,125.07000
23-07-2013,124.93000
22-07-2013,123.77000
19-07-2013,124.09000
18-07-2013,124.34000
17-07-2013,124.12000
16-07-2013,121.87000
15-07-2013,120.24000
12-07-2013,119.13000
11-07-2013,119.17000
10-07-2013,117.39000
09-07-2013,117.90000
08-07-2013,117.74000
05-07-2013,116.97000
04-07-2013,116.10000
03-07-2013,113.09000
02-07-2013,112.65000
01-07-2013,112.83000
28-06-2013,111.37000
27-06-2013,110.84000
26-06-2013,111.16000
25-06-2013,110.35000
24-06-2013,110.04000
21-06-2013,112.32000
20-06-2013,112.70000
19-06-2013,114.52000
18-06-2013,114.67000
17-06-2013,114.97000
14-06-2013,114.50000
13-06-2013,113.35000
12-06-2013,114.70000
11-06-2013,115.63000
10-06-2013,116.75000
07-06-2013,116.75000
06-06-2013,116.82000
05-06-2013,116.74000
04-06-2013,117.18000
03-06-2013,116.65000
31-05-2013,117.08000
30-05-2013,118.41000
29-05-2013,116.58000
28-05-2013,116.20000
27-05-2013,115.43000
24-05-2013,114.53000
23-05-2013,114.23000
22-05-2013,114.88000
21-05-2013,114.10000
20-05-2013,114.64000
17-05-2013,114.88000
16-05-2013,114.71000
15-05-2013,115.92000
14-05-2013,114.34000
13-05-2013,114.55000
10-05-2013,117.30000
09-05-2013,115.73000
08-05-2013,115.63000
07-05-2013,114.19000
06-05-2013,112.16000
03-05-2013,112.75000
02-05-2013,113.19000
30-04-2013,112.46000
29-04-2013,109.15000
26-04-2013,107.28000
25-04-2013,107.64000
23-04-2013,107.26000
22-04-2013,107.27000
18-04-2013,106.75000
17-04-2013,106.49000
16-04-2013,105.23000
15-04-2013,103.65000
12-04-2013,102.31000
11-04-2013,100.91000
10-04-2013,100.58000
09-04-2013,101.05000
08-04-2013,102.41000
05-04-2013,101.54000
04-04-2013,103.15000
03-04-2013,104.85000
02-04-2013,105.25000
01-04-2013,104.87000
28-03-2013,104.84000
26-03-2013,104.02000
25-03-2013,103.07000
22-03-2013,103.54000
21-03-2013,103.54000
20-03-2013,104.82000
19-03-2013,104.75000
18-03-2013,104.77000
15-03-2013,104.20000
14-03-2013,104.01000
13-03-2013,103.64000
12-03-2013,103.26000
11-03-2013,102.95000
08-03-2013,103.06000
07-03-2013,101.64000
06-03-2013,100.63000
05-03-2013,101.69000
04-03-2013,100.92000
01-03-2013,101.70000
28-02-2013,101.72000
27-02-2013,102.36000
26-02-2013,101.62000
25-02-2013,102.33000
22-02-2013,102.86000
21-02-2013,104.01000
20-02-2013,105.43000
19-02-2013,105.79000
18-02-2013,104.96000
15-02-2013,104.63000
14-02-2013,104.60000
13-02-2013,104.60000
12-02-2013,104.96000
11-02-2013,104.36000
08-02-2013,104.32000
07-02-2013,105.02000
06-02-2013,104.89000
05-02-2013,104.65000
04-02-2013,106.10000
01-02-2013,106.78000
31-01-2013,106.54000
30-01-2013,105.49000
29-01-2013,105.39000
28-01-2013,105.00000
25-01-2013,104.71000
24-01-2013,104.00000
23-01-2013,103.51000
22-01-2013,103.74000
21-01-2013,104.94000
18-01-2013,104.25000
17-01-2013,104.24000
16-01-2013,104.29000
15-01-2013,104.64000
14-01-2013,104.32000
11-01-2013,103.55000
10-01-2013,105.29000
09-01-2013,105.22000
08-01-2013,106.44000
07-01-2013,105.57000
04-01-2013,106.46000
03-01-2013,106.37000
02-01-2013,107.13000
01-01-2013,106.97000
31-12-2012,106.34000
28-12-2012,106.27000
27-12-2012,105.95000
26-12-2012,106.22000
24-12-2012,105.74000
21-12-2012,105.63000
20-12-2012,106.24000
19-12-2012,106.46000
18-12-2012,106.77000
17-12-2012,106.72000
14-12-2012,107.07000
13-12-2012,106.92000
12-12-2012,109.10000
11-12-2012,109.00000
10-12-2012,108.48000
07-12-2012,108.42000
06-12-2012,108.76000
05-12-2012,108.33000
04-12-2012,108.14000
03-12-2012,108.24000
30-11-2012,108.58000
29-11-2012,108.59000
27-11-2012,107.57000
26-11-2012,106.09000
23-11-2012,104.86000
22-11-2012,104.54000
21-11-2012,104.17000
20-11-2012,103.17000
19-11-2012,103.36000
16-11-2012,103.27000
15-11-2012,104.58000
12-11-2012,104.94000
09-11-2012,104.50000
08-11-2012,104.55000
07-11-2012,104.30000
06-11-2012,104.11000
05-11-2012,103.95000
02-11-2012,102.96000
01-11-2012,102.79000
31-10-2012,102.65000
30-10-2012,102.73000
29-10-2012,103.33000
26-10-2012,103.49000
25-10-2012,105.15000
23-10-2012,105.07000
22-10-2012,105.63000
19-10-2012,105.96000
18-10-2012,105.86000
17-10-2012,105.03000
16-10-2012,104.69000
15-10-2012,104.98000
12-10-2012,104.52000
11-10-2012,104.18000
10-10-2012,103.36000
09-10-2012,103.64000
08-10-2012,102.90000
05-10-2012,102.70000
04-10-2012,102.41000
03-10-2012,101.81000
01-10-2012,101.38000
28-09-2012,100.97000
27-09-2012,99.23000
26-09-2012,98.43000
25-09-2012,97.73000
24-09-2012,96.71000
21-09-2012,98.05000
20-09-2012,96.97000
18-09-2012,96.97000
17-09-2012,97.24000
14-09-2012,100.16000
13-09-2012,100.66000
12-09-2012,100.16000
11-09-2012,99.39000
10-09-2012,99.44000
07-09-2012,99.09000
06-09-2012,98.23000
05-09-2012,99.37000
04-09-2012,98.99000
03-09-2012,98.69000
31-08-2012,98.34000
30-08-2012,99.02000
29-08-2012,98.49000
28-08-2012,98.28000
27-08-2012,98.10000
24-08-2012,97.78000
23-08-2012,97.66000
22-08-2012,96.55000
21-08-2012,96.36000
17-08-2012,96.45000
16-08-2012,95.44000
14-08-2012,97.16000
13-08-2012,96.82000
10-08-2012,96.95000
09-08-2012,96.45000
08-08-2012,94.97000
07-08-2012,94.74000
06-08-2012,94.30000
03-08-2012,94.15000
02-08-2012,94.53000
01-08-2012,94.04000
31-07-2012,93.73000
30-07-2012,93.66000
27-07-2012,93.06000
26-07-2012,92.17000
25-07-2012,93.02000
24-07-2012,92.82000
23-07-2012,90.97000
20-07-2012,91.76000
19-07-2012,91.92000
18-07-2012,92.05000
17-07-2012,92.02000
16-07-2012,91.30000
13-07-2012,91.74000
12-07-2012,91.36000
11-07-2012,91.94000
10-07-2012,92.90000
09-07-2012,91.79000
06-07-2012,92.47000
05-07-2012,92.03000
04-07-2012,91.14000
03-07-2012,91.11000
02-07-2012,91.77000
29-06-2012,93.29000
28-06-2012,91.96000
27-06-2012,91.52000
26-06-2012,91.19000
25-06-2012,91.42000
22-06-2012,91.57000
21-06-2012,91.73000
20-06-2012,90.63000
19-06-2012,90.54000
18-06-2012,89.75000
15-06-2012,90.76000
14-06-2012,90.04000
13-06-2012,90.44000
12-06-2012,89.52000
11-06-2012,89.18000
08-06-2012,88.69000
07-06-2012,88.20000
06-06-2012,87.60000
05-06-2012,85.74000
04-06-2012,86.37000
01-06-2012,87.49000
31-05-2012,87.64000
30-05-2012,86.99000
29-05-2012,87.33000
28-05-2012,88.10000
25-05-2012,87.56000
24-05-2012,87.65000
23-05-2012,87.54000
22-05-2012,87.72000
21-05-2012,88.15000
18-05-2012,89.10000
17-05-2012,88.76000
16-05-2012,87.05000
15-05-2012,87.76000
14-05-2012,88.18000
11-05-2012,88.66000
10-05-2012,89.68000
09-05-2012,89.27000
08-05-2012,87.07000
07-05-2012,89.40000
04-05-2012,90.14000
03-05-2012,90.67000
02-05-2012,91.33000
30-04-2012,91.12000
27-04-2012,90.89000
26-04-2012,91.36000
25-04-2012,91.42000
24-04-2012,91.16000
23-04-2012,90.95000
20-04-2012,90.96000
19-04-2012,91.15000
18-04-2012,90.42000
17-04-2012,90.19000
16-04-2012,89.26000
13-04-2012,88.38000
12-04-2012,88.05000
11-04-2012,86.80000
10-04-2012,86.31000
09-04-2012,85.08000
04-04-2012,85.33000
03-04-2012,85.70000
02-04-2012,85.09000
30-03-2012,85.24000
29-03-2012,83.98000
28-03-2012,84.03000
27-03-2012,84.01000
26-03-2012,83.02000
23-03-2012,83.28000
22-03-2012,82.48000
21-03-2012,83.45000
20-03-2012,82.90000
19-03-2012,82.28000
16-03-2012,81.29000
15-03-2012,79.81000
14-03-2012,80.24000
13-03-2012,79.87000
12-03-2012,79.38000
09-03-2012,79.49000
07-03-2012,79.46000
06-03-2012,79.43000
05-03-2012,79.20000
02-03-2012,78.99000
01-03-2012,78.95000
29-02-2012,78.94000
28-02-2012,79.27000
27-02-2012,79.01000
24-02-2012,79.18000
23-02-2012,79.12000
22-02-2012,78.91000
21-02-2012,79.25000
17-02-2012,78.89000
16-02-2012,79.07000
15-02-2012,79.33000
14-02-2012,78.88000
13-02-2012,78.93000
10-02-2012,78.85000
09-02-2012,78.98000
08-02-2012,79.15000
07-02-2012,78.63000
06-02-2012,78.70000
03-02-2012,78.21000
02-02-2012,76.94000
01-02-2012,76.68000
31-01-2012,76.43000
30-01-2012,75.82000
27-01-2012,76.57000
25-01-2012,76.96000
24-01-2012,76.87000
23-01-2012,76.90000
20-01-2012,76.72000
19-01-2012,77.82000
18-01-2012,77.53000
17-01-2012,77.97000
16-01-2012,76.70000
13-01-2012,76.63000
12-01-2012,76.33000
11-01-2012,76.31000
10-01-2012,76.37000
09-01-2012,75.84000
06-01-2012,75.49000
05-01-2012,75.14000
04-01-2012,75.39000
03-01-2012,75.64000
02-01-2012,74.95000
30-12-2011,75.52000
29-12-2011,75.56000
28-12-2011,75.70000
27-12-2011,76.26000
26-12-2011,76.16000
23-12-2011,75.77000
22-12-2011,75.43000
21-12-2011,74.95000
20-12-2011,74.01000
19-12-2011,74.40000
16-12-2011,74.60000
15-12-2011,75.57000
14-12-2011,75.57000
13-12-2011,75.39000
12-12-2011,75.17000
09-12-2011,75.75000
08-12-2011,76.41000
07-12-2011,77.55000
05-12-2011,77.32000
02-12-2011,77.43000
01-12-2011,76.70000
30-11-2011,76.33000
29-11-2011,75.91000
28-11-2011,75.69000
25-11-2011,74.94000
24-11-2011,75.14000
23-11-2011,74.88000
22-11-2011,75.84000
21-11-2011,76.41000
18-11-2011,76.76000
17-11-2011,77.68000
16-11-2011,78.19000
15-11-2011,78.64000
14-11-2011,79.50000
11-11-2011,79.71000
09-11-2011,79.86000
08-11-2011,79.44000
04-11-2011,79.22000
03-11-2011,79.11000
02-11-2011,79.16000
01-11-2011,79.36000
31-10-2011,79.38000
28-10-2011,78.67000
25-10-2011,77.42000
24-10-2011,76.86000
21-10-2011,76.26000
20-10-2011,76.69000
19-10-2011,77.14000
18-10-2011,76.65000
17-10-2011,77.40000
14-10-2011,77.05000
13-10-2011,76.37000
12-10-2011,76.80000
11-10-2011,76.05000
10-10-2011,76.38000
07-10-2011,75.65000
05-10-2011,74.49000
04-10-2011,74.46000
03-10-2011,75.71000
30-09-2011,76.69000
29-09-2011,78.10000
28-09-2011,77.30000
27-09-2011,77.51000
26-09-2011,76.08000
23-09-2011,77.15000
22-09-2011,76.83000
21-09-2011,78.75000
20-09-2011,78.54000
19-09-2011,77.99000
16-09-2011,78.48000
15-09-2011,78.60000
14-09-2011,78.67000
13-09-2011,77.97000
12-09-2011,78.13000
09-09-2011,78.15000
08-09-2011,78.38000
07-09-2011,77.92000
06-09-2011,77.80000
05-09-2011,77.72000
02-09-2011,77.41000
30-08-2011,77.05000
29-08-2011,76.82000
26-08-2011,75.70000
25-08-2011,77.12000
24-08-2011,77.17000
23-08-2011,77.18000
22-08-2011,76.38000
19-08-2011,75.94000
18-08-2011,77.25000
17-08-2011,77.60000
16-08-2011,77.25000
12-08-2011,77.18000
11-08-2011,77.45000
10-08-2011,77.20000
09-08-2011,76.10000
08-08-2011,75.96000
05-08-2011,76.03000
04-08-2011,76.81000
03-08-2011,77.82000
02-08-2011,78.04000
01-08-2011,79.05000
29-07-2011,78.93000
28-07-2011,79.04000
27-07-2011,78.74000
26-07-2011,77.97000
25-07-2011,79.18000
22-07-2011,79.39000
21-07-2011,78.15000
20-07-2011,77.70000
19-07-2011,77.41000
18-07-2011,77.05000
15-07-2011,76.22000
14-07-2011,76.02000
13-07-2011,75.95000
12-07-2011,75.45000
11-07-2011,75.45000
08-07-2011,75.25000
07-07-2011,75.95000
06-07-2011,74.58000
05-07-2011,74.45000
04-07-2011,74.70000
01-07-2011,74.48000
30-06-2011,74.10000
29-06-2011,73.37000
28-06-2011,71.84000
27-06-2011,71.44000
24-06-2011,71.54000
23-06-2011,70.39000
22-06-2011,69.55000
21-06-2011,69.90000
20-06-2011,69.96000
17-06-2011,71.23000
16-06-2011,71.42000
15-06-2011,71.34000
14-06-2011,71.08000
13-06-2011,70.38000
10-06-2011,70.43000
09-06-2011,70.50000
08-06-2011,70.60000
07-06-2011,70.28000
06-06-2011,70.16000
03-06-2011,70.25000
02-06-2011,70.36000
01-06-2011,69.47000
31-05-2011,69.01000
30-05-2011,67.94000
27-05-2011,68.03000
26-05-2011,68.05000
25-05-2011,68.08000
24-05-2011,67.99000
23-05-2011,68.31000
20-05-2011,68.49000
19-05-2011,68.61000
18-05-2011,68.58000
17-05-2011,68.57000
16-05-2011,68.32000
13-05-2011,68.75000
12-05-2011,67.70000
11-05-2011,67.95000
10-05-2011,67.68000
09-05-2011,67.14000
06-05-2011,66.59000
05-05-2011,66.24000
04-05-2011,67.34000
03-05-2011,67.49000
02-05-2011,67.93000
29-04-2011,68.46000
28-04-2011,68.62000
27-04-2011,69.02000
26-04-2011,68.71000
25-04-2011,68.57000
21-04-2011,68.54000
20-04-2011,67.71000
19-04-2011,66.83000
18-04-2011,67.45000
15-04-2011,68.15000
13-04-2011,67.92000
11-04-2011,66.30000
08-04-2011,66.16000
07-04-2011,66.01000
06-04-2011,65.89000
05-04-2011,65.78000
04-04-2011,65.76000
01-04-2011,65.23000
31-03-2011,65.08000
30-03-2011,63.78000
29-03-2011,63.26000
28-03-2011,63.22000
25-03-2011,62.61000
24-03-2011,62.22000
23-03-2011,61.84000
22-03-2011,61.49000
21-03-2011,61.22000
18-03-2011,61.47000
17-03-2011,61.66000
16-03-2011,61.90000
15-03-2011,61.72000
14-03-2011,62.52000
11-03-2011,62.23000
10-03-2011,62.15000
09-03-2011,62.12000
08-03-2011,62.23000
07-03-2011,62.01000
04-03-2011,62.07000
03-03-2011,62.28000
01-03-2011,62.27000
28-02-2011,61.23000
25-02-2011,59.83000
24-02-2011,59.23000
23-02-2011,60.53000
22-02-2011,60.88000
21-02-2011,61.17000
18-02-2011,60.71000
17-02-2011,61.13000
16-02-2011,60.85000
15-02-2011,60.39000
14-02-2011,59.96000
11-02-2011,58.25000
10-02-2011,57.36000
09-02-2011,57.32000
08-02-2011,58.00000
07-02-2011,58.63000
04-02-2011,58.24000
03-02-2011,59.77000
02-02-2011,59.69000
01-02-2011,59.87000
31-01-2011,60.77000
28-01-2011,61.53000
27-01-2011,62.36000
25-01-2011,62.46000
24-01-2011,63.04000
21-01-2011,63.19000
20-01-2011,63.92000
19-01-2011,64.00000
18-01-2011,64.06000
17-01-2011,63.29000
14-01-2011,63.39000
13-01-2011,63.72000
12-01-2011,63.96000
11-01-2011,63.33000
10-01-2011,63.92000
07-01-2011,64.71000
06-01-2011,66.12000
05-01-2011,66.60000
04-01-2011,66.31000
03-01-2011,65.92000
31-12-2010,65.69000
30-12-2010,65.03000
29-12-2010,64.94000
28-12-2010,64.31000
27-12-2010,64.11000
24-12-2010,64.20000
23-12-2010,64.01000
22-12-2010,64.45000
21-12-2010,64.45000
20-12-2010,63.96000
16-12-2010,64.04000
15-12-2010,64.36000
14-12-2010,64.99000
13-12-2010,64.13000
10-12-2010,63.93000
09-12-2010,63.04000
08-12-2010,64.28000
07-12-2010,64.55000
06-12-2010,64.97000
03-12-2010,65.20000
02-12-2010,65.61000
01-12-2010,65.57000
30-11-2010,65.22000
29-11-2010,64.21000
26-11-2010,63.97000
25-11-2010,64.41000
24-11-2010,65.48000
23-11-2010,65.44000
22-11-2010,65.95000
19-11-2010,65.41000
18-11-2010,66.01000
16-11-2010,65.81000
15-11-2010,67.19000
12-11-2010,67.07000
11-11-2010,67.64000
10-11-2010,68.27000
09-11-2010,68.42000
08-11-2010,67.64000
04-11-2010,67.48000
03-11-2010,67.13000
02-11-2010,67.01000
01-11-2010,66.87000
29-10-2010,66.94000
28-10-2010,66.83000
27-10-2010,66.73000
26-10-2010,67.08000
25-10-2010,67.14000
22-10-2010,67.13000
21-10-2010,68.02000
20-10-2010,66.77000
19-10-2010,67.33000
18-10-2010,67.21000
15-10-2010,67.48000
14-10-2010,68.23000
13-10-2010,68.35000
12-10-2010,67.64000
11-10-2010,68.09000
08-10-2010,68.07000
07-10-2010,68.30000
06-10-2010,68.32000
05-10-2010,68.33000
04-10-2010,68.40000
01-10-2010,68.53000
30-09-2010,68.34000
29-09-2010,67.75000
28-09-2010,68.47000
27-09-2010,68.69000
24-09-2010,69.06000
23-09-2010,67.89000
22-09-2010,67.75000
21-09-2010,67.67000
20-09-2010,68.29000
17-09-2010,66.43000
16-09-2010,65.99000
15-09-2010,66.38000
14-09-2010,66.04000
13-09-2010,66.12000
09-09-2010,66.16000
08-09-2010,66.29000
07-09-2010,66.01000
06-09-2010,66.02000
03-09-2010,65.46000
02-09-2010,65.34000
01-09-2010,65.03000
31-08-2010,64.78000
30-08-2010,63.86000
27-08-2010,64.14000
26-08-2010,64.89000
25-08-2010,64.47000
24-08-2010,64.51000
23-08-2010,64.65000
20-08-2010,64.82000
19-08-2010,65.15000
18-08-2010,64.59000
17-08-2010,63.77000
16-08-2010,63.52000
13-08-2010,63.54000
12-08-2010,63.06000
11-08-2010,62.96000
10-08-2010,62.96000
09-08-2010,63.45000
06-08-2010,63.54000
05-08-2010,63.24000
04-08-2010,63.09000
03-08-2010,62.92000
02-08-2010,63.05000
30-07-2010,62.17000
29-07-2010,62.35000
28-07-2010,61.68000
27-07-2010,61.68000
26-07-2010,61.56000
23-07-2010,61.65000
22-07-2010,61.48000
21-07-2010,61.06000
20-07-2010,60.82000
19-07-2010,60.87000
16-07-2010,61.40000
15-07-2010,61.16000
14-07-2010,60.71000
13-07-2010,61.29000
12-07-2010,61.25000
09-07-2010,61.34000
08-07-2010,61.37000
07-07-2010,60.87000
06-07-2010,60.73000
05-07-2010,60.54000
02-07-2010,60.72000
01-07-2010,60.87000
30-06-2010,60.86000
29-06-2010,59.90000
28-06-2010,60.12000
25-06-2010,60.04000
24-06-2010,60.42000
23-06-2010,59.77000
22-06-2010,58.74000
21-06-2010,58.56000
18-06-2010,57.95000
17-06-2010,57.67000
16-06-2010,57.61000
15-06-2010,57.64000
14-06-2010,56.88000
11-06-2010,56.05000
10-06-2010,55.91000
09-06-2010,55.05000
08-06-2010,54.64000
07-06-2010,54.29000
04-06-2010,54.72000
03-06-2010,54.35000
02-06-2010,53.54000
01-06-2010,53.28000
31-05-2010,53.47000
28-05-2010,53.35000
27-05-2010,52.48000
26-05-2010,51.80000
25-05-2010,50.89000
24-05-2010,52.12000
21-05-2010,52.48000
20-05-2010,52.40000
19-05-2010,52.09000
18-05-2010,53.23000
17-05-2010,52.93000
14-05-2010,52.74000
13-05-2010,52.74000
12-05-2010,52.52000
11-05-2010,52.06000
10-05-2010,52.40000
07-05-2010,51.86000
06-05-2010,51.92000
05-05-2010,52.11000
04-05-2010,52.31000
03-05-2010,52.91000
30-04-2010,53.07000
29-04-2010,53.04000
28-04-2010,53.48000
27-04-2010,53.80000
26-04-2010,53.56000
23-04-2010,53.33000
22-04-2010,53.10000
21-04-2010,52.77000
20-04-2010,52.57000
19-04-2010,52.54000
16-04-2010,53.17000
15-04-2010,52.80000
13-04-2010,52.94000
12-04-2010,53.15000
09-04-2010,53.00000
08-04-2010,52.98000
07-04-2010,52.98000
06-04-2010,53.11000
05-04-2010,53.15000
01-04-2010,52.46000
31-03-2010,52.61000
30-03-2010,53.18000
29-03-2010,53.08000
26-03-2010,52.78000
25-03-2010,52.61000
23-03-2010,52.01000
22-03-2010,52.00000
19-03-2010,52.24000
18-03-2010,52.03000
17-03-2010,52.15000
16-03-2010,51.88000
15-03-2010,51.62000
12-03-2010,51.70000
11-03-2010,51.89000
10-03-2010,52.16000
09-03-2010,51.64000
08-03-2010,51.36000
05-03-2010,50.86000
04-03-2010,50.80000
03-03-2010,50.53000
02-03-2010,50.20000
26-02-2010,49.11000
25-02-2010,49.80000
24-02-2010,50.15000
23-02-2010,50.49000
22-02-2010,50.46000
19-02-2010,50.61000
18-02-2010,50.81000
17-02-2010,50.90000
16-02-2010,50.40000
15-02-2010,50.17000
11-02-2010,49.95000
10-02-2010,49.45000
09-02-2010,49.54000
08-02-2010,49.89000
05-02-2010,49.85000
04-02-2010,50.58000
03-02-2010,50.71000
02-02-2010,50.16000
01-02-2010,50.50000
29-01-2010,50.52000
28-01-2010,51.33000
27-01-2010,51.53000
25-01-2010,52.33000
22-01-2010,51.98000
21-01-2010,51.91000
20-01-2010,52.60000
19-01-2010,52.48000
18-01-2010,52.90000
15-01-2010,53.15000
14-01-2010,52.61000
13-01-2010,52.57000
12-01-2010,52.82000
11-01-2010,53.60000
08-01-2010,53.55000
07-01-2010,53.36000
06-01-2010,53.75000
05-01-2010,53.04000
04-01-2010,52.64000
31-12-2009,52.58000
30-12-2009,52.33000
29-12-2009,52.82000
24-12-2009,52.57000
23-12-2009,52.36000
22-12-2009,51.63000
21-12-2009,51.34000
18-12-2009,51.61000
17-12-2009,51.84000
16-12-2009,51.45000
15-12-2009,51.48000
14-12-2009,51.66000
11-12-2009,51.92000
10-12-2009,51.86000
09-12-2009,52.17000
08-12-2009,52.51000
07-12-2009,52.08000
04-12-2009,52.32000
03-12-2009,52.17000
02-12-2009,52.29000
01-12-2009,52.26000
30-11-2009,52.25000
27-11-2009,51.83000
26-11-2009,52.30000
25-11-2009,53.25000
24-11-2009,52.89000
23-11-2009,52.55000
20-11-2009,51.41000
19-11-2009,50.86000
18-11-2009,51.36000
17-11-2009,51.08000
16-11-2009,51.09000
13-11-2009,50.71000
12-11-2009,50.33000
11-11-2009,50.62000
10-11-2009,50.07000
09-11-2009,50.44000
06-11-2009,49.56000
05-11-2009,49.58000
04-11-2009,49.59000
03-11-2009,48.57000
30-10-2009,49.67000
29-10-2009,50.16000
28-10-2009,50.14000
27-10-2009,50.43000
26-10-2009,51.27000
23-10-2009,50.73000
22-10-2009,49.37000
21-10-2009,48.83000
20-10-2009,49.40000
16-10-2009,49.62000
15-10-2009,49.82000
14-10-2009,49.93000
12-10-2009,49.59000
09-10-2009,48.51000
08-10-2009,48.70000
07-10-2009,48.06000
06-10-2009,48.02000
05-10-2009,47.19000
01-10-2009,46.92000
30-09-2009,46.78000
29-09-2009,47.03000
25-09-2009,47.08000
24-09-2009,46.70000
23-09-2009,46.46000
22-09-2009,47.05000
18-09-2009,46.63000
17-09-2009,46.62000
16-09-2009,46.57000
15-09-2009,46.14000
14-09-2009,45.82000
11-09-2009,45.96000
10-09-2009,46.56000
09-09-2009,46.22000
08-09-2009,46.06000
07-09-2009,46.56000
04-09-2009,46.31000
03-09-2009,45.65000
02-09-2009,45.71000
01-09-2009,45.81000
31-08-2009,46.18000
28-08-2009,46.22000
27-08-2009,46.46000
26-08-2009,46.57000
25-08-2009,46.45000
24-08-2009,46.27000
21-08-2009,45.01000
20-08-2009,44.00000
19-08-2009,43.70000
18-08-2009,44.23000
17-08-2009,43.94000
14-08-2009,45.16000
13-08-2009,45.83000
12-08-2009,44.34000
11-08-2009,44.31000
10-08-2009,43.61000
07-08-2009,44.12000
06-08-2009,44.99000
05-08-2009,46.38000
04-08-2009,46.46000
03-08-2009,46.15000
31-07-2009,46.05000
30-07-2009,44.83000
29-07-2009,44.35000
28-07-2009,44.67000
27-07-2009,44.32000
24-07-2009,42.89000
23-07-2009,42.51000
22-07-2009,41.18000
21-07-2009,41.08000
20-07-2009,41.33000
17-07-2009,41.02000
16-07-2009,40.02000
15-07-2009,39.84000
14-07-2009,39.17000
13-07-2009,38.45000
10-07-2009,38.98000
09-07-2009,39.49000
08-07-2009,38.93000
07-07-2009,39.21000
06-07-2009,37.71000
03-07-2009,37.82000
02-07-2009,37.76000
01-07-2009,37.64000
30-06-2009,37.53000
29-06-2009,37.80000
26-06-2009,37.63000
25-06-2009,37.19000
24-06-2009,37.61000
23-06-2009,36.88000
22-06-2009,37.27000
19-06-2009,37.20000
18-06-2009,36.62000
17-06-2009,36.76000
16-06-2009,37.40000
15-06-2009,37.20000
12-06-2009,37.26000
11-06-2009,37.56000
10-06-2009,37.58000
09-06-2009,37.16000
08-06-2009,36.44000
05-06-2009,37.58000
04-06-2009,37.96000
03-06-2009,37.27000
02-06-2009,36.46000
01-06-2009,36.45000
29-05-2009,35.35000
28-05-2009,35.27000
27-05-2009,35.39000
26-05-2009,34.92000
25-05-2009,35.46000
22-05-2009,35.04000
21-05-2009,34.38000
20-05-2009,34.13000
19-05-2009,33.95000
15-05-2009,33.06000
14-05-2009,32.90000
13-05-2009,32.98000
12-05-2009,33.18000
11-05-2009,33.04000
08-05-2009,33.27000
07-05-2009,33.43000
06-05-2009,33.48000
05-05-2009,34.13000
04-05-2009,34.41000
29-04-2009,33.16000
28-04-2009,32.78000
27-04-2009,33.46000
24-04-2009,33.23000
23-04-2009,33.32000
22-04-2009,33.16000
21-04-2009,32.85000
20-04-2009,32.58000
17-04-2009,32.94000
16-04-2009,33.10000
15-04-2009,32.49000
13-04-2009,32.06000
09-04-2009,31.75000
08-04-2009,32.03000
06-04-2009,30.93000
02-04-2009,31.37000
01-04-2009,31.26000
31-03-2009,31.25000
30-03-2009,30.75000
27-03-2009,31.07000
26-03-2009,30.89000
25-03-2009,30.22000
24-03-2009,30.19000
23-03-2009,30.19000
20-03-2009,29.61000
19-03-2009,29.72000
18-03-2009,29.86000
17-03-2009,29.98000
16-03-2009,29.89000
13-03-2009,29.43000
12-03-2009,29.04000
09-03-2009,28.74000
06-03-2009,29.31000
05-03-2009,29.47000
04-03-2009,29.97000
03-03-2009,29.69000
02-03-2009,30.46000
27-02-2009,30.86000
26-02-2009,30.86000
25-02-2009,30.73000
24-02-2009,30.71000
20-02-2009,30.97000
19-02-2009,31.09000
18-02-2009,31.18000
17-02-2009,31.16000
16-02-2009,31.32000
13-02-2009,31.51000
12-02-2009,31.35000
11-02-2009,31.51000
10-02-2009,31.63000
09-02-2009,31.70000
06-02-2009,31.61000
05-02-2009,31.44000
04-02-2009,31.51000
03-02-2009,31.33000
02-02-2009,31.33000
30-01-2009,31.59000
29-01-2009,31.15000
28-01-2009,31.27000
27-01-2009,30.98000
23-01-2009,31.17000
22-01-2009,31.47000
21-01-2009,31.44000
20-01-2009,31.49000
19-01-2009,31.37000
16-01-2009,31.55000
15-01-2009,31.18000
14-01-2009,31.35000
13-01-2009,30.90000
12-01-2009,30.62000
09-01-2009,31.13000
07-01-2009,31.34000
06-01-2009,32.53000
05-01-2009,32.38000
02-01-2009,32.64000
01-01-2009,32.08000
31-12-2008,31.82000
30-12-2008,31.69000
29-12-2008,31.54000
26-12-2008,31.38000
24-12-2008,31.51000
23-12-2008,32.05000
22-12-2008,32.47000
19-12-2008,32.27000
18-12-2008,31.91000
17-12-2008,31.33000
16-12-2008,31.42000
15-12-2008,30.95000
12-12-2008,30.64000
11-12-2008,30.81000
10-12-2008,30.15000
08-12-2008,30.18000
05-12-2008,30.31000
04-12-2008,30.75000
03-12-2008,29.98000
02-12-2008,29.98000
01-12-2008,29.88000
28-11-2008,30.66000
26-11-2008,30.37000
25-11-2008,30.04000
24-11-2008,30.35000
21-11-2008,30.03000
20-11-2008,29.61000
19-11-2008,29.95000
18-11-2008,29.67000
17-11-2008,30.03000
14-11-2008,30.63000
12-11-2008,30.83000
11-11-2008,31.25000
10-11-2008,31.52000
07-11-2008,31.37000
06-11-2008,31.03000
05-11-2008,31.42000
04-11-2008,31.64000
03-11-2008,30.59000
31-10-2008,29.91000
29-10-2008,29.68000
27-10-2008,28.59000
24-10-2008,29.27000
23-10-2008,31.30000
22-10-2008,32.02000
21-10-2008,31.98000
20-10-2008,31.23000
17-10-2008,30.67000
16-10-2008,31.17000
15-10-2008,31.45000
14-10-2008,32.91000
13-10-2008,32.89000
10-10-2008,32.00000
08-10-2008,33.48000
07-10-2008,34.65000
06-10-2008,35.64000
03-10-2008,37.43000
01-10-2008,37.99000
30-09-2008,37.47000
29-09-2008,37.72000
26-09-2008,38.46000
25-09-2008,38.57000
24-09-2008,38.94000
23-09-2008,38.85000
22-09-2008,39.47000
19-09-2008,39.58000
18-09-2008,39.06000
17-09-2008,39.22000
16-09-2008,39.72000
15-09-2008,39.86000
12-09-2008,40.72000
11-09-2008,40.83000
10-09-2008,41.21000
09-09-2008,41.19000
08-09-2008,41.52000
05-09-2008,41.10000
04-09-2008,41.48000
02-09-2008,41.60000
01-09-2008,41.18000
29-08-2008,41.29000
28-08-2008,40.49000
27-08-2008,40.60000
26-08-2008,41.08000
25-08-2008,40.86000
22-08-2008,40.66000
21-08-2008,40.77000
20-08-2008,41.20000
19-08-2008,41.28000
18-08-2008,42.00000
14-08-2008,42.58000
13-08-2008,43.12000
12-08-2008,42.96000
11-08-2008,43.21000
08-08-2008,42.09000
07-08-2008,41.87000
06-08-2008,41.39000
05-08-2008,41.21000
04-08-2008,40.82000
01-08-2008,40.50000
31-07-2008,40.10000
30-07-2008,40.39000
29-07-2008,40.12000
28-07-2008,40.28000
25-07-2008,39.90000
24-07-2008,40.25000
23-07-2008,41.03000
22-07-2008,40.05000
21-07-2008,39.08000
18-07-2008,38.70000
17-07-2008,38.00000
16-07-2008,37.50000
15-07-2008,37.68000
14-07-2008,38.50000
11-07-2008,38.92000
10-07-2008,39.42000
09-07-2008,39.92000
08-07-2008,39.20000
07-07-2008,39.64000
04-07-2008,39.10000
03-07-2008,39.01000
02-07-2008,39.96000
01-07-2008,39.81000
30-06-2008,41.01000
27-06-2008,41.89000
26-06-2008,43.24000
25-06-2008,42.96000
24-06-2008,43.60000
23-06-2008,44.39000
20-06-2008,45.44000
19-06-2008,46.30000
18-06-2008,46.83000
17-06-2008,46.98000
16-06-2008,46.84000
13-06-2008,46.32000
12-06-2008,46.12000
11-06-2008,45.66000
10-06-2008,45.04000
09-06-2008,45.38000
06-06-2008,46.21000
05-06-2008,46.71000
04-06-2008,46.42000
03-06-2008,47.00000
02-06-2008,47.04000
30-05-2008,47.86000
29-05-2008,47.11000
28-05-2008,47.28000
27-05-2008,47.01000
26-05-2008,47.27000
23-05-2008,48.18000
22-05-2008,48.75000
21-05-2008,49.40000
20-05-2008,49.02000
16-05-2008,48.63000
15-05-2008,48.55000
14-05-2008,48.58000
13-05-2008,48.39000
12-05-2008,47.83000
09-05-2008,48.50000
08-05-2008,48.85000
07-05-2008,49.84000
06-05-2008,50.29000
05-05-2008,50.31000
02-05-2008,50.08000
30-04-2008,49.96000
29-04-2008,49.73000
28-04-2008,49.54000
25-04-2008,49.40000
24-04-2008,48.89000
23-04-2008,48.82000
22-04-2008,49.04000
21-04-2008,48.91000
17-04-2008,48.43000
16-04-2008,47.94000
15-04-2008,47.68000
11-04-2008,47.39000
10-04-2008,47.50000
09-04-2008,47.75000
08-04-2008,47.32000
07-04-2008,47.19000
04-04-2008,46.12000
03-04-2008,46.93000
02-04-2008,46.55000
01-04-2008,46.84000
31-03-2008,46.52000
28-03-2008,46.29000
27-03-2008,44.70000
26-03-2008,44.52000
25-03-2008,44.08000
24-03-2008,43.17000
19-03-2008,43.40000
18-03-2008,42.95000
17-03-2008,43.39000
14-03-2008,45.65000
13-03-2008,44.98000
12-03-2008,46.70000
11-03-2008,47.25000
10-03-2008,45.95000
07-03-2008,45.67000
05-03-2008,46.71000
04-03-2008,46.60000
03-03-2008,47.00000
29-02-2008,48.58000
28-02-2008,48.38000
27-02-2008,48.70000
26-02-2008,48.32000
25-02-2008,48.21000
22-02-2008,47.91000
21-02-2008,47.90000
20-02-2008,48.06000
19-02-2008,49.18000
18-02-2008,48.83000
15-02-2008,49.04000
14-02-2008,47.84000
13-02-2008,46.63000
12-02-2008,46.83000
11-02-2008,47.50000
08-02-2008,49.22000
07-02-2008,49.31000
06-02-2008,50.78000
05-02-2008,51.27000
04-02-2008,51.44000
01-02-2008,50.48000
31-01-2008,50.32000
30-01-2008,50.03000
29-01-2008,50.66000
28-01-2008,50.39000
25-01-2008,50.08000
24-01-2008,47.98000
23-01-2008,49.04000
22-01-2008,46.18000
21-01-2008,50.03000
18-01-2008,53.34000
17-01-2008,54.99000
16-01-2008,54.14000
15-01-2008,55.15000
14-01-2008,56.39000
11-01-2008,56.38000
10-01-2008,56.48000
09-01-2008,57.90000
08-01-2008,58.57000
07-01-2008,59.56000
04-01-2008,58.49000
03-01-2008,58.41000
02-01-2008,58.51000
01-01-2008,58.26000
31-12-2007,57.77000
28-12-2007,57.08000
27-12-2007,56.22000
26-12-2007,56.04000
24-12-2007,54.76000
20-12-2007,53.60000
19-12-2007,53.16000
18-12-2007,52.80000
17-12-2007,53.12000
14-12-2007,53.75000
13-12-2007,52.05000
12-12-2007,50.68000
11-12-2007,49.93000
10-12-2007,49.92000
07-12-2007,49.83000
06-12-2007,50.23000
05-12-2007,50.43000
04-12-2007,50.19000
03-12-2007,49.64000
30-11-2007,48.98000
29-11-2007,48.46000
28-11-2007,48.90000
27-11-2007,48.71000
26-11-2007,48.94000
23-11-2007,48.57000
22-11-2007,48.50000
21-11-2007,48.80000
20-11-2007,50.38000
19-11-2007,50.70000
16-11-2007,50.14000
15-11-2007,49.32000
14-11-2007,48.91000
13-11-2007,48.19000
12-11-2007,47.79000
08-11-2007,47.87000
07-11-2007,48.14000
06-11-2007,48.68000
05-11-2007,48.36000
02-11-2007,48.23000
01-11-2007,48.09000
31-10-2007,48.61000
30-10-2007,48.29000
29-10-2007,49.09000
26-10-2007,48.33000
25-10-2007,48.27000
24-10-2007,47.53000
23-10-2007,47.08000
22-10-2007,45.67000
19-10-2007,45.17000
18-10-2007,46.35000
17-10-2007,46.44000
16-10-2007,47.39000
15-10-2007,47.50000
12-10-2007,46.87000
11-10-2007,47.65000
10-10-2007,46.85000
09-10-2007,46.78000
08-10-2007,45.77000
05-10-2007,46.38000
04-10-2007,47.05000
03-10-2007,47.23000
01-10-2007,46.85000
28-09-2007,46.92000
27-09-2007,46.03000
26-09-2007,46.30000
25-09-2007,46.41000
24-09-2007,46.40000
21-09-2007,46.23000
20-09-2007,46.33000
19-09-2007,46.08000
18-09-2007,45.58000
17-09-2007,45.57000
14-09-2007,45.31000
13-09-2007,45.29000
12-09-2007,45.11000
11-09-2007,45.17000
10-09-2007,45.26000
07-09-2007,45.00000
06-09-2007,44.92000
05-09-2007,44.72000
04-09-2007,44.77000
03-09-2007,44.64000
31-08-2007,44.47000
30-08-2007,44.41000
29-08-2007,44.24000
28-08-2007,44.46000
27-08-2007,44.05000
24-08-2007,43.31000
23-08-2007,43.04000
22-08-2007,43.16000
21-08-2007,42.56000
20-08-2007,43.56000
17-08-2007,43.37000
16-08-2007,43.58000
14-08-2007,44.57000
13-08-2007,44.41000
10-08-2007,43.80000
09-08-2007,43.88000
08-08-2007,44.44000
07-08-2007,43.99000
06-08-2007,43.83000
03-08-2007,43.74000
02-08-2007,43.32000
01-08-2007,43.04000
31-07-2007,44.05000
30-07-2007,43.56000
27-07-2007,43.60000
26-07-2007,44.35000
25-07-2007,43.94000
24-07-2007,43.40000
23-07-2007,43.87000
20-07-2007,43.84000
19-07-2007,43.65000
18-07-2007,43.66000
17-07-2007,43.61000
16-07-2007,43.51000
13-07-2007,43.24000
12-07-2007,43.20000
11-07-2007,42.59000
10-07-2007,42.74000
09-07-2007,42.94000
06-07-2007,42.61000
05-07-2007,42.47000
04-07-2007,42.63000
03-07-2007,42.65000
02-07-2007,42.46000
29-06-2007,42.45000
28-06-2007,42.29000
27-06-2007,41.98000
26-06-2007,41.97000
25-06-2007,41.68000
22-06-2007,41.41000
21-06-2007,41.59000
20-06-2007,41.39000
19-06-2007,41.47000
18-06-2007,41.33000
15-06-2007,41.58000
14-06-2007,41.44000
13-06-2007,41.22000
12-06-2007,41.25000
11-06-2007,41.23000
08-06-2007,41.13000
07-06-2007,41.34000
06-06-2007,41.55000
05-06-2007,41.76000
04-06-2007,42.06000
01-06-2007,42.33000
31-05-2007,41.98000
30-05-2007,41.93000
29-05-2007,42.57000
28-05-2007,41.88000
25-05-2007,41.83000
24-05-2007,41.75000
23-05-2007,41.91000
22-05-2007,42.38000
21-05-2007,42.52000
18-05-2007,41.94000
17-05-2007,42.00000
16-05-2007,41.78000
15-05-2007,41.14000
14-05-2007,40.45000
11-05-2007,40.09000
10-05-2007,39.97000
09-05-2007,39.42000
08-05-2007,39.15000
07-05-2007,39.11000
04-05-2007,38.85000
03-05-2007,39.09000
30-04-2007,38.74000
27-04-2007,38.97000
26-04-2007,39.61000
25-04-2007,39.73000
24-04-2007,39.74000
23-04-2007,39.82000
20-04-2007,39.87000
19-04-2007,39.81000
18-04-2007,39.71000
17-04-2007,39.71000
16-04-2007,40.00000
13-04-2007,39.46000
12-04-2007,39.23000
11-04-2007,39.61000
10-04-2007,39.57000
09-04-2007,39.58000
05-04-2007,39.17000
04-04-2007,38.61000
03-04-2007,38.48000
02-04-2007,38.26000
30-03-2007,39.07000
29-03-2007,38.94000
28-03-2007,38.58000
26-03-2007,38.75000
23-03-2007,38.57000
22-03-2007,38.29000
21-03-2007,37.96000
20-03-2007,37.68000
19-03-2007,37.35000
16-03-2007,37.22000
15-03-2007,37.55000
14-03-2007,37.36000
13-03-2007,38.02000
12-03-2007,37.83000
09-03-2007,37.91000
08-03-2007,37.62000
07-03-2007,37.13000
06-03-2007,37.69000
05-03-2007,37.42000
02-03-2007,38.94000
01-03-2007,39.09000
28-02-2007,39.42000
27-02-2007,39.88000
26-02-2007,39.91000
23-02-2007,40.01000
22-02-2007,40.59000
21-02-2007,40.82000
20-02-2007,40.73000
19-02-2007,41.12000
15-02-2007,40.91000
14-02-2007,40.37000
13-02-2007,40.02000
12-02-2007,40.37000
09-02-2007,41.01000
08-02-2007,41.43000
07-02-2007,41.30000
06-02-2007,41.55000
05-02-2007,41.50000
02-02-2007,41.73000
01-02-2007,41.69000
31-01-2007,41.61000
29-01-2007,41.51000
25-01-2007,41.93000
24-01-2007,41.66000
23-01-2007,41.57000
22-01-2007,41.89000
19-01-2007,42.36000
18-01-2007,42.39000
17-01-2007,41.95000
16-01-2007,42.03000
15-01-2007,42.26000
12-01-2007,42.03000
11-01-2007,41.34000
10-01-2007,40.84000
09-01-2007,41.24000
08-01-2007,41.45000
05-01-2007,41.60000
04-01-2007,41.27000
03-01-2007,40.77000
02-01-2007,40.58000
29-12-2006,40.47000
28-12-2006,40.28000
27-12-2006,40.33000
26-12-2006,40.00000
22-12-2006,39.91000
21-12-2006,39.90000
20-12-2006,40.09000
19-12-2006,40.27000
18-12-2006,40.78000
15-12-2006,40.83000
14-12-2006,40.63000
13-12-2006,40.05000
12-12-2006,39.50000
11-12-2006,40.23000
08-12-2006,41.06000
07-12-2006,41.21000
06-12-2006,41.14000
05-12-2006,41.53000
04-12-2006,41.47000
01-12-2006,41.28000
30-11-2006,41.13000
29-11-2006,41.07000
28-11-2006,40.75000
27-11-2006,41.08000
24-11-2006,40.32000
23-11-2006,39.78000
22-11-2006,39.73000
21-11-2006,39.41000
20-11-2006,38.96000
17-11-2006,39.43000
16-11-2006,39.75000
15-11-2006,39.80000
14-11-2006,39.96000
13-11-2006,40.13000
10-11-2006,39.89000
09-11-2006,40.08000
08-11-2006,39.89000
07-11-2006,39.82000
06-11-2006,39.12000
03-11-2006,38.77000
02-11-2006,39.05000
01-11-2006,38.96000
31-10-2006,38.71000
30-10-2006,38.83000
27-10-2006,38.77000
26-10-2006,38.53000
23-10-2006,38.51000
20-10-2006,38.76000
19-10-2006,38.23000
18-10-2006,38.24000
17-10-2006,38.25000
16-10-2006,38.48000
13-10-2006,38.40000
12-10-2006,38.47000
11-10-2006,38.60000
10-10-2006,38.67000
09-10-2006,38.80000
06-10-2006,38.94000
05-10-2006,39.14000
04-10-2006,38.58000
03-10-2006,38.85000
29-09-2006,39.06000
28-09-2006,38.37000
27-09-2006,38.31000
26-09-2006,38.26000
25-09-2006,38.31000
22-09-2006,38.22000
21-09-2006,38.19000
20-09-2006,37.84000
19-09-2006,37.69000
18-09-2006,38.01000
15-09-2006,37.74000
14-09-2006,37.56000
13-09-2006,37.40000
12-09-2006,36.97000
11-09-2006,36.74000
08-09-2006,37.52000
07-09-2006,37.11000
06-09-2006,37.11000
05-09-2006,37.06000
04-09-2006,37.03000
01-09-2006,36.82000
31-08-2006,36.80000
30-08-2006,36.75000
29-08-2006,36.87000
28-08-2006,36.81000
25-08-2006,36.68000
24-08-2006,36.47000
23-08-2006,36.33000
22-08-2006,36.55000
21-08-2006,36.57000
18-08-2006,36.30000
17-08-2006,36.26000
16-08-2006,36.40000
14-08-2006,35.81000
11-08-2006,34.73000
10-08-2006,34.29000
09-08-2006,34.15000
08-08-2006,33.73000
07-08-2006,33.32000
04-08-2006,33.26000
03-08-2006,33.39000
02-08-2006,33.39000
01-08-2006,33.09000
31-07-2006,33.09000
28-07-2006,32.93000
27-07-2006,32.89000
26-07-2006,32.50000
25-07-2006,31.98000
24-07-2006,31.57000
21-07-2006,31.78000
20-07-2006,32.68000
19-07-2006,32.32000
18-07-2006,32.89000
17-07-2006,32.90000
14-07-2006,33.39000
13-07-2006,33.54000
12-07-2006,33.25000
11-07-2006,33.14000
10-07-2006,33.25000
07-07-2006,33.20000
06-07-2006,33.81000
05-07-2006,34.01000
04-07-2006,33.47000
03-07-2006,33.50000
30-06-2006,33.25000
29-06-2006,32.54000
28-06-2006,32.61000
27-06-2006,32.88000
26-06-2006,32.72000
23-06-2006,33.51000
22-06-2006,33.14000
21-06-2006,32.59000
20-06-2006,31.97000
19-06-2006,32.10000
16-06-2006,31.68000
15-06-2006,30.33000
14-06-2006,29.22000
13-06-2006,30.09000
12-06-2006,31.14000
09-06-2006,30.98000
08-06-2006,29.57000
07-06-2006,32.44000
06-06-2006,34.35000
05-06-2006,35.52000
02-06-2006,35.87000
01-06-2006,36.02000
31-05-2006,36.80000
30-05-2006,37.46000
29-05-2006,37.48000
26-05-2006,36.96000
25-05-2006,36.45000
24-05-2006,36.43000
23-05-2006,36.70000
22-05-2006,36.19000
19-05-2006,38.20000
18-05-2006,39.45000
17-05-2006,41.41000
16-05-2006,40.01000
15-05-2006,40.03000
12-05-2006,41.29000
11-05-2006,41.32000
10-05-2006,41.54000
09-05-2006,41.06000
08-05-2006,41.11000
05-05-2006,41.07000
04-05-2006,41.09000
03-05-2006,41.03000
02-05-2006,40.96000
28-04-2006,40.40000
27-04-2006,40.24000
26-04-2006,40.31000
25-04-2006,39.90000
24-04-2006,40.27000
21-04-2006,40.00000
20-04-2006,40.12000
19-04-2006,40.14000
18-04-2006,40.00000
17-04-2006,39.61000
13-04-2006,39.40000
12-04-2006,39.95000
10-04-2006,40.50000
07-04-2006,40.34000
05-04-2006,40.78000
04-04-2006,40.53000
03-04-2006,40.14000
02-04-2006,40.14000
